{"stats":{"minecraft:custom":{"minecraft:time_since_rest":9557,"minecraft:sprint_one_cm":88729,"minecraft:damage_taken":358,"minecraft:walk_one_cm":703575,"minecraft:mob_kills":3,"minecraft:drop":14,"minecraft:damage_dealt":261,"minecraft:interact_with_crafting_table":4,"minecraft:fly_one_cm":126897,"minecraft:open_chest":30,"minecraft:crouch_one_cm":203260,"minecraft:play_time":154501,"minecraft:sneak_time":31151,"minecraft:jump":865,"minecraft:leave_game":5,"minecraft:time_since_death":154501,"minecraft:sleep_in_bed":13,"minecraft:total_world_time":154501,"minecraft:fall_one_cm":11887},"minecraft:used":{"minecraft:cooked_mutton":8,"minecraft:iron_shovel":6320,"minecraft:iron_pickaxe":1230,"minecraft:chest":5,"minecraft:dirt":47},"minecraft:mined":{"minecraft:iron_ore":4,"minecraft:short_grass":3,"minecraft:grass_block":5014,"minecraft:coal_ore":14,"minecraft:dirt_path":4,"minecraft:chest":1,"minecraft:gravel":61,"minecraft:dirt":1236,"minecraft:spruce_leaves":1,"minecraft:stone":1208,"minecraft:fern":3},"minecraft:crafted":{"minecraft:stick":128,"minecraft:chest":6,"minecraft:iron_shovel":10},"minecraft:picked_up":{"minecraft:stick":44,"minecraft:raw_iron":4,"minecraft:torch":16,"minecraft:gravel":54,"minecraft:flint":7,"minecraft:spruce_sapling":3,"minecraft:dirt":6377,"minecraft:arrow":2,"minecraft:bone":2,"minecraft:poppy":3,"minecraft:chest":1,"minecraft:coal":14,"minecraft:cobblestone":1207},"minecraft:dropped":{"minecraft:poppy":3,"minecraft:dirt":128,"minecraft:torch":8,"minecraft:cobblestone":2,"minecraft:arrow":2,"minecraft:spruce_sapling":3,"minecraft:bone":2},"minecraft:broken":{"minecraft:iron_shovel":25,"minecraft:iron_pickaxe":5},"minecraft:killed":{"minecraft:skeleton":2,"minecraft:zombie":1}},"DataVersion":3839}