{"stats":{"minecraft:broken":{"minecraft:iron_shovel":20},"minecraft:custom":{"minecraft:time_since_rest":6808,"minecraft:open_chest":21,"minecraft:crouch_one_cm":124072,"minecraft:sprint_one_cm":51483,"minecraft:play_time":89977,"minecraft:damage_taken":132,"minecraft:walk_one_cm":420247,"minecraft:sneak_time":18746,"minecraft:drop":10,"minecraft:jump":401,"minecraft:leave_game":1,"minecraft:time_since_death":89977,"minecraft:sleep_in_bed":8,"minecraft:total_world_time":89977,"minecraft:interact_with_crafting_table":2,"minecraft:fall_one_cm":5710,"minecraft:fly_one_cm":84173},"minecraft:dropped":{"minecraft:dirt":128,"minecraft:poppy":3,"minecraft:spruce_sapling":3,"minecraft:cobblestone":2},"minecraft:picked_up":{"minecraft:stick":44,"minecraft:gravel":54,"minecraft:flint":7,"minecraft:poppy":3,"minecraft:spruce_sapling":3,"minecraft:dirt":5020,"minecraft:cobblestone":34},"minecraft:used":{"minecraft:cooked_mutton":3,"minecraft:dirt":6,"minecraft:iron_shovel":4958,"minecraft:iron_pickaxe":34},"minecraft:mined":{"minecraft:grass_block":3833,"minecraft:dirt_path":4,"minecraft:gravel":61,"minecraft:dirt":1060,"minecraft:spruce_leaves":1,"minecraft:stone":33,"minecraft:fern":1,"minecraft:short_grass":2},"minecraft:crafted":{"minecraft:iron_shovel":10,"minecraft:stick":128}},"DataVersion":3839}