{"stats":{"minecraft:broken":{"minecraft:iron_shovel":25,"minecraft:iron_pickaxe":3},"minecraft:custom":{"minecraft:time_since_rest":855,"minecraft:sprint_one_cm":82701,"minecraft:damage_taken":290,"minecraft:walk_one_cm":645084,"minecraft:mob_kills":2,"minecraft:drop":14,"minecraft:damage_dealt":121,"minecraft:interact_with_crafting_table":4,"minecraft:fly_one_cm":119117,"minecraft:open_chest":28,"minecraft:crouch_one_cm":195067,"minecraft:play_time":137977,"minecraft:sneak_time":29750,"minecraft:jump":712,"minecraft:leave_game":1,"minecraft:time_since_death":137977,"minecraft:sleep_in_bed":12,"minecraft:total_world_time":137977,"minecraft:fall_one_cm":10508},"minecraft:dropped":{"minecraft:poppy":3,"minecraft:dirt":128,"minecraft:torch":8,"minecraft:cobblestone":2,"minecraft:arrow":2,"minecraft:spruce_sapling":3,"minecraft:bone":2},"minecraft:picked_up":{"minecraft:raw_iron":2,"minecraft:stick":44,"minecraft:torch":16,"minecraft:gravel":54,"minecraft:flint":7,"minecraft:spruce_sapling":3,"minecraft:dirt":6377,"minecraft:bone":2,"minecraft:arrow":2,"minecraft:poppy":3,"minecraft:chest":1,"minecraft:coal":3,"minecraft:cobblestone":887},"minecraft:killed":{"minecraft:skeleton":2},"minecraft:used":{"minecraft:cooked_mutton":8,"minecraft:iron_shovel":6320,"minecraft:iron_pickaxe":893,"minecraft:chest":5,"minecraft:dirt":47},"minecraft:mined":{"minecraft:iron_ore":2,"minecraft:short_grass":3,"minecraft:grass_block":5014,"minecraft:coal_ore":3,"minecraft:chest":1,"minecraft:dirt_path":4,"minecraft:gravel":61,"minecraft:dirt":1236,"minecraft:spruce_leaves":1,"minecraft:stone":887,"minecraft:fern":3},"minecraft:crafted":{"minecraft:stick":128,"minecraft:chest":6,"minecraft:iron_shovel":10}},"DataVersion":3839}