{"stats":{"minecraft:broken":{"minecraft:iron_shovel":12},"minecraft:custom":{"minecraft:time_since_rest":3905,"minecraft:open_chest":14,"minecraft:crouch_one_cm":100755,"minecraft:sprint_one_cm":31859,"minecraft:play_time":59977,"minecraft:damage_taken":109,"minecraft:walk_one_cm":241104,"minecraft:sneak_time":14753,"minecraft:drop":6,"minecraft:jump":267,"minecraft:leave_game":1,"minecraft:time_since_death":59977,"minecraft:sleep_in_bed":6,"minecraft:total_world_time":59977,"minecraft:fall_one_cm":3457,"minecraft:fly_one_cm":63952},"minecraft:dropped":{"minecraft:poppy":3,"minecraft:spruce_sapling":3},"minecraft:picked_up":{"minecraft:gravel":54,"minecraft:flint":7,"minecraft:poppy":3,"minecraft:spruce_sapling":3,"minecraft:dirt":3166,"minecraft:cobblestone":32},"minecraft:used":{"minecraft:cooked_mutton":3,"minecraft:dirt":2,"minecraft:iron_shovel":3241,"minecraft:iron_pickaxe":34},"minecraft:mined":{"minecraft:grass_block":2136,"minecraft:dirt_path":3,"minecraft:gravel":61,"minecraft:dirt":1040,"minecraft:spruce_leaves":1,"minecraft:stone":33}},"DataVersion":3839}