{"stats":{"minecraft:broken":{"minecraft:iron_shovel":17},"minecraft:custom":{"minecraft:time_since_rest":8575,"minecraft:open_chest":20,"minecraft:crouch_one_cm":113831,"minecraft:sprint_one_cm":35733,"minecraft:play_time":77977,"minecraft:damage_taken":109,"minecraft:walk_one_cm":342936,"minecraft:sneak_time":16961,"minecraft:drop":8,"minecraft:jump":315,"minecraft:leave_game":1,"minecraft:time_since_death":77977,"minecraft:sleep_in_bed":7,"minecraft:total_world_time":77977,"minecraft:interact_with_crafting_table":2,"minecraft:fall_one_cm":3912,"minecraft:fly_one_cm":67990},"minecraft:dropped":{"minecraft:dirt":128,"minecraft:poppy":3,"minecraft:spruce_sapling":3},"minecraft:picked_up":{"minecraft:stick":44,"minecraft:gravel":54,"minecraft:flint":7,"minecraft:poppy":3,"minecraft:spruce_sapling":3,"minecraft:dirt":4312,"minecraft:cobblestone":32},"minecraft:used":{"minecraft:cooked_mutton":3,"minecraft:dirt":6,"minecraft:iron_shovel":4258,"minecraft:iron_pickaxe":34},"minecraft:mined":{"minecraft:grass_block":3135,"minecraft:dirt_path":4,"minecraft:gravel":61,"minecraft:dirt":1059,"minecraft:spruce_leaves":1,"minecraft:stone":33},"minecraft:crafted":{"minecraft:iron_shovel":10,"minecraft:stick":128}},"DataVersion":3839}