{"stats":{"minecraft:broken":{"minecraft:iron_shovel":23},"minecraft:custom":{"minecraft:time_since_rest":5413,"minecraft:open_chest":23,"minecraft:crouch_one_cm":141516,"minecraft:sprint_one_cm":55671,"minecraft:play_time":101977,"minecraft:damage_taken":152,"minecraft:walk_one_cm":501142,"minecraft:sneak_time":21187,"minecraft:drop":10,"minecraft:jump":452,"minecraft:leave_game":1,"minecraft:time_since_death":101977,"minecraft:sleep_in_bed":9,"minecraft:total_world_time":101977,"minecraft:interact_with_crafting_table":2,"minecraft:fall_one_cm":7196,"minecraft:fly_one_cm":93393},"minecraft:dropped":{"minecraft:dirt":128,"minecraft:poppy":3,"minecraft:spruce_sapling":3,"minecraft:cobblestone":2},"minecraft:picked_up":{"minecraft:stick":44,"minecraft:gravel":54,"minecraft:flint":7,"minecraft:poppy":3,"minecraft:spruce_sapling":3,"minecraft:dirt":5818,"minecraft:cobblestone":34},"minecraft:used":{"minecraft:cooked_mutton":6,"minecraft:dirt":6,"minecraft:iron_shovel":5753,"minecraft:iron_pickaxe":34},"minecraft:mined":{"minecraft:grass_block":4556,"minecraft:dirt_path":4,"minecraft:gravel":61,"minecraft:dirt":1136,"minecraft:spruce_leaves":1,"minecraft:stone":33,"minecraft:fern":1,"minecraft:short_grass":2},"minecraft:crafted":{"minecraft:iron_shovel":10,"minecraft:stick":128}},"DataVersion":3839}