{"stats":{"minecraft:broken":{"minecraft:iron_shovel":25},"minecraft:custom":{"minecraft:time_since_rest":3286,"minecraft:sprint_one_cm":71317,"minecraft:damage_taken":280,"minecraft:walk_one_cm":560764,"minecraft:mob_kills":2,"minecraft:drop":14,"minecraft:damage_dealt":121,"minecraft:interact_with_crafting_table":4,"minecraft:fly_one_cm":105465,"minecraft:open_chest":28,"minecraft:crouch_one_cm":160672,"minecraft:play_time":113977,"minecraft:sneak_time":23894,"minecraft:jump":513,"minecraft:leave_game":1,"minecraft:time_since_death":113977,"minecraft:sleep_in_bed":10,"minecraft:total_world_time":113977,"minecraft:fall_one_cm":8676},"minecraft:dropped":{"minecraft:poppy":3,"minecraft:dirt":128,"minecraft:torch":8,"minecraft:cobblestone":2,"minecraft:arrow":2,"minecraft:spruce_sapling":3,"minecraft:bone":2},"minecraft:picked_up":{"minecraft:stick":44,"minecraft:torch":16,"minecraft:gravel":54,"minecraft:flint":7,"minecraft:spruce_sapling":3,"minecraft:dirt":6377,"minecraft:bone":2,"minecraft:arrow":2,"minecraft:poppy":3,"minecraft:chest":1,"minecraft:cobblestone":35},"minecraft:killed":{"minecraft:skeleton":2},"minecraft:used":{"minecraft:cooked_mutton":6,"minecraft:iron_shovel":6320,"minecraft:iron_pickaxe":35,"minecraft:chest":5,"minecraft:dirt":47},"minecraft:mined":{"minecraft:short_grass":3,"minecraft:grass_block":5014,"minecraft:chest":1,"minecraft:dirt_path":4,"minecraft:gravel":61,"minecraft:dirt":1236,"minecraft:spruce_leaves":1,"minecraft:stone":34,"minecraft:fern":3},"minecraft:crafted":{"minecraft:stick":128,"minecraft:chest":6,"minecraft:iron_shovel":10}},"DataVersion":3839}