{"stats":{"minecraft:custom":{"minecraft:interact_with_furnace":1,"minecraft:mob_kills":14,"minecraft:interact_with_crafting_table":4,"minecraft:leave_game":5,"minecraft:time_since_death":72225,"minecraft:sleep_in_bed":4,"minecraft:time_since_rest":72253,"minecraft:sprint_one_cm":76597,"minecraft:damage_taken":360,"minecraft:walk_one_cm":285671,"minecraft:drop":28,"minecraft:damage_dealt":2830,"minecraft:talked_to_villager":2,"minecraft:fly_one_cm":449182,"minecraft:open_chest":4,"minecraft:crouch_one_cm":5103,"minecraft:play_time":212408,"minecraft:deaths":1,"minecraft:sneak_time":2755,"minecraft:walk_under_water_one_cm":2591,"minecraft:jump":1280,"minecraft:walk_on_water_one_cm":711,"minecraft:interact_with_smoker":2,"minecraft:total_world_time":212408,"minecraft:fall_one_cm":11978},"minecraft:mined":{"minecraft:white_bed":1,"minecraft:smoker":1,"minecraft:crafting_table":4,"minecraft:torch":1,"minecraft:grass_block":2,"minecraft:spruce_leaves":13,"minecraft:wall_torch":1,"minecraft:spruce_stairs":2,"minecraft:iron_ore":5,"minecraft:wheat":2,"minecraft:spruce_log":6,"minecraft:potatoes":11,"minecraft:coal_ore":19,"minecraft:lantern":1,"minecraft:dirt":1,"minecraft:stone":32},"minecraft:picked_up":{"minecraft:wooden_axe":2,"minecraft:crafting_table":5,"minecraft:wheat":2,"minecraft:salmon":2,"minecraft:leather_leggings":1,"minecraft:wooden_pickaxe":2,"minecraft:smoker":1,"minecraft:potato":42,"minecraft:gunpowder":1,"minecraft:lantern":2,"minecraft:dirt":29,"minecraft:string":3,"minecraft:bone":4,"minecraft:wheat_seeds":8,"minecraft:spruce_planks":217,"minecraft:stone_pickaxe":1,"minecraft:stick":8,"minecraft:raw_iron":5,"minecraft:torch":18,"minecraft:spruce_stairs":2,"minecraft:spruce_sapling":2,"minecraft:white_bed":1,"minecraft:spruce_log":81,"minecraft:spider_eye":1,"minecraft:leather_helmet":1,"minecraft:arrow":2,"minecraft:rotten_flesh":11,"minecraft:stone_axe":1,"minecraft:bone_meal":1,"minecraft:baked_potato":2,"minecraft:coal":33,"minecraft:snowball":28,"minecraft:cobblestone":40},"minecraft:used":{"minecraft:stone_pickaxe":45,"minecraft:baked_potato":1,"minecraft:ender_pearl":1,"minecraft:wooden_pickaxe":14,"minecraft:stone":154,"minecraft:stripped_birch_wood":76,"minecraft:torch":7,"minecraft:dirt":70,"minecraft:crafting_table":4,"minecraft:blue_ice":1,"minecraft:white_bed":1,"minecraft:black_bed":2,"minecraft:smoker":1,"minecraft:spruce_log":14,"minecraft:creeper_spawn_egg":1,"minecraft:wooden_axe":3,"minecraft:grass_block":39,"minecraft:spruce_sapling":2,"minecraft:stone_axe":22,"minecraft:cobblestone":6,"minecraft:snow":73,"minecraft:stripped_oak_wood":44,"minecraft:potato":5,"minecraft:spider_spawn_egg":1},"minecraft:crafted":{"minecraft:crafting_table":1,"minecraft:spruce_planks":248,"minecraft:baked_potato":4,"minecraft:wooden_pickaxe":2,"minecraft:furnace":1,"minecraft:stone_axe":1,"minecraft:air":0,"minecraft:stick":12,"minecraft:stone_pickaxe":1,"minecraft:wooden_axe":3,"minecraft:torch":16,"minecraft:smoker":1},"minecraft:killed":{"minecraft:salmon":2,"minecraft:spider":2,"minecraft:creeper":1,"minecraft:zombie":7,"minecraft:stray":1},"minecraft:dropped":{"minecraft:rotten_flesh":7,"minecraft:lantern":1,"minecraft:grass_block":1,"minecraft:torch":16,"minecraft:spider_eye":1,"minecraft:arrow":2,"minecraft:string":2,"minecraft:bone":2}},"DataVersion":3953}