{"stats":{"minecraft:killed_by":{"minecraft:zombie":1,"minecraft:enderman":1},"minecraft:crafted":{"minecraft:wooden_sword":1,"minecraft:oak_planks":36,"minecraft:crafting_table":2,"minecraft:spruce_planks":16,"minecraft:iron_helmet":1,"minecraft:cooked_chicken":1,"minecraft:wooden_pickaxe":1,"minecraft:iron_sword":1,"minecraft:furnace":2,"minecraft:birch_planks":20,"minecraft:air":0,"minecraft:iron_boots":1,"minecraft:iron_chestplate":1,"minecraft:diamond_pickaxe":2,"minecraft:shield":1,"minecraft:iron_axe":1,"minecraft:stick":16,"minecraft:iron_ingot":34,"minecraft:iron_pickaxe":1,"minecraft:stone_pickaxe":1,"minecraft:wooden_axe":1,"minecraft:iron_shovel":1,"minecraft:iron_leggings":1},"minecraft:picked_up":{"minecraft:wooden_axe":3,"minecraft:birch_log":5,"minecraft:crafting_table":8,"minecraft:iron_chestplate":1,"minecraft:feather":6,"minecraft:chicken":2,"minecraft:andesite":21,"minecraft:wooden_pickaxe":3,"minecraft:birch_planks":4,"minecraft:flint":3,"minecraft:oak_log":9,"minecraft:shield":2,"minecraft:string":3,"minecraft:dirt":27,"minecraft:iron_axe":2,"minecraft:wooden_sword":1,"minecraft:iron_leggings":1,"minecraft:iron_shovel":1,"minecraft:bone":18,"minecraft:apple":1,"minecraft:bow":4,"minecraft:cobbled_deepslate":32,"minecraft:spruce_planks":8,"minecraft:stone_pickaxe":2,"minecraft:calcite":5,"minecraft:iron_nugget":30,"minecraft:iron_pickaxe":1,"minecraft:birch_sapling":1,"minecraft:iron_sword":2,"minecraft:oak_planks":58,"minecraft:furnace":7,"minecraft:iron_boots":1,"minecraft:egg":4,"minecraft:stick":12,"minecraft:raw_iron":78,"minecraft:smooth_basalt":5,"minecraft:sweet_berries":47,"minecraft:gravel":5,"minecraft:fire_charge":6,"minecraft:golden_axe":3,"minecraft:diorite":17,"minecraft:spruce_log":8,"minecraft:spider_eye":1,"minecraft:arrow":9,"minecraft:rotten_flesh":6,"minecraft:sugar":5,"minecraft:diamond":10,"minecraft:iron_helmet":1,"minecraft:granite":5,"minecraft:oak_sapling":1,"minecraft:glow_berries":1,"minecraft:coal":87,"minecraft:cobblestone":52,"minecraft:ender_pearl":2},"minecraft:dropped":{"minecraft:birch_sapling":1,"minecraft:apple":1,"minecraft:oak_sapling":1,"minecraft:wooden_sword":1,"minecraft:spider_eye":1,"minecraft:spruce_log":2,"minecraft:sugar":1,"minecraft:string":3},"minecraft:used":{"minecraft:diorite":8,"minecraft:iron_shovel":4,"minecraft:stone_pickaxe":73,"minecraft:oak_planks":28,"minecraft:spruce_planks":7,"minecraft:wooden_pickaxe":8,"minecraft:shield":22,"minecraft:iron_sword":62,"minecraft:cooked_chicken":1,"minecraft:rotten_flesh":6,"minecraft:iron_chestplate":2,"minecraft:glow_berries":1,"minecraft:dirt":16,"minecraft:crafting_table":6,"minecraft:granite":2,"minecraft:wooden_axe":11,"minecraft:diamond_pickaxe":68,"minecraft:iron_pickaxe":56,"minecraft:iron_axe":12,"minecraft:gravel":4,"minecraft:wooden_sword":12,"minecraft:cobblestone":18,"minecraft:sweet_berries":30,"minecraft:furnace":4,"minecraft:andesite":14,"minecraft:egg":2,"minecraft:cobbled_deepslate":11},"minecraft:mined":{"minecraft:spruce_planks":7,"minecraft:deepslate_diamond_ore":7,"minecraft:crafting_table":5,"minecraft:cave_vines_plant":2,"minecraft:short_grass":3,"minecraft:granite":5,"minecraft:cobblestone":9,"minecraft:spruce_leaves":4,"minecraft:oak_planks":1,"minecraft:diorite":16,"minecraft:large_fern":7,"minecraft:furnace":4,"minecraft:iron_ore":44,"minecraft:birch_log":5,"minecraft:cobbled_deepslate":11,"minecraft:sweet_berry_bush":11,"minecraft:spruce_log":2,"minecraft:birch_leaves":5,"minecraft:andesite":20,"minecraft:oak_log":9,"minecraft:coal_ore":28,"minecraft:cave_vines":3,"minecraft:deepslate_iron_ore":7,"minecraft:gravel":8,"minecraft:dirt":4,"minecraft:stone":40,"minecraft:deepslate":11},"minecraft:custom":{"minecraft:interact_with_furnace":19,"minecraft:mob_kills":17,"minecraft:interact_with_crafting_table":14,"minecraft:leave_game":2,"minecraft:time_since_death":11842,"minecraft:time_since_rest":11866,"minecraft:sprint_one_cm":149447,"minecraft:damage_taken":1304,"minecraft:walk_one_cm":53192,"minecraft:damage_blocked_by_shield":1380,"minecraft:drop":11,"minecraft:damage_dealt":3965,"minecraft:swim_one_cm":3051,"minecraft:fly_one_cm":160352,"minecraft:play_time":50316,"minecraft:open_chest":1,"minecraft:crouch_one_cm":8881,"minecraft:sneak_time":3481,"minecraft:deaths":3,"minecraft:walk_under_water_one_cm":3456,"minecraft:jump":908,"minecraft:walk_on_water_one_cm":3929,"minecraft:total_world_time":50316,"minecraft:fall_one_cm":31720},"minecraft:killed":{"minecraft:witch":1,"minecraft:spider":1,"minecraft:skeleton":4,"minecraft:zombie":5,"minecraft:chicken":1,"minecraft:enderman":1}},"DataVersion":3839}