{"stats":{"minecraft:killed_by":{"minecraft:zombie":1},"minecraft:crafted":{"minecraft:wooden_sword":1,"minecraft:oak_planks":36,"minecraft:crafting_table":2,"minecraft:stick":8,"minecraft:iron_pickaxe":1,"minecraft:iron_ingot":3,"minecraft:wooden_pickaxe":1,"minecraft:stone_pickaxe":1,"minecraft:wooden_axe":1,"minecraft:furnace":1,"minecraft:birch_planks":20,"minecraft:air":0},"minecraft:picked_up":{"minecraft:wooden_axe":1,"minecraft:birch_log":5,"minecraft:raw_iron":17,"minecraft:stick":6,"minecraft:crafting_table":2,"minecraft:andesite":9,"minecraft:wooden_pickaxe":1,"minecraft:birch_planks":4,"minecraft:fire_charge":2,"minecraft:golden_axe":1,"minecraft:oak_log":9,"minecraft:spider_eye":1,"minecraft:string":3,"minecraft:wooden_sword":1,"minecraft:arrow":4,"minecraft:bone":4,"minecraft:bow":2,"minecraft:iron_nugget":15,"minecraft:birch_sapling":1,"minecraft:oak_planks":33,"minecraft:coal":17,"minecraft:cobblestone":15},"minecraft:dropped":{"minecraft:birch_sapling":1,"minecraft:spider_eye":1,"minecraft:string":3},"minecraft:used":{"minecraft:wooden_axe":11,"minecraft:stone_pickaxe":46,"minecraft:iron_pickaxe":5,"minecraft:oak_planks":5,"minecraft:wooden_pickaxe":8,"minecraft:wooden_sword":12,"minecraft:crafting_table":3,"minecraft:furnace":1,"minecraft:andesite":4},"minecraft:mined":{"minecraft:iron_ore":17,"minecraft:birch_log":5,"minecraft:andesite":9,"minecraft:birch_leaves":5,"minecraft:crafting_table":1,"minecraft:short_grass":2,"minecraft:coal_ore":17,"minecraft:oak_log":9,"minecraft:stone":15},"minecraft:custom":{"minecraft:time_since_rest":9703,"minecraft:interact_with_furnace":2,"minecraft:sprint_one_cm":41158,"minecraft:damage_taken":320,"minecraft:walk_one_cm":13397,"minecraft:mob_kills":2,"minecraft:drop":5,"minecraft:damage_dealt":477,"minecraft:swim_one_cm":1875,"minecraft:interact_with_crafting_table":4,"minecraft:fly_one_cm":17888,"minecraft:open_chest":1,"minecraft:crouch_one_cm":4303,"minecraft:play_time":14896,"minecraft:deaths":1,"minecraft:sneak_time":1932,"minecraft:walk_under_water_one_cm":1832,"minecraft:jump":130,"minecraft:walk_on_water_one_cm":377,"minecraft:time_since_death":9677,"minecraft:total_world_time":14896,"minecraft:fall_one_cm":5289},"minecraft:killed":{"minecraft:skeleton":1,"minecraft:spider":1}},"DataVersion":3839}