{"stats":{"minecraft:killed_by":{"minecraft:zombie":1,"minecraft:enderman":1},"minecraft:crafted":{"minecraft:wooden_sword":1,"minecraft:oak_planks":36,"minecraft:crafting_table":2,"minecraft:spruce_planks":8,"minecraft:wooden_pickaxe":1,"minecraft:iron_sword":1,"minecraft:furnace":1,"minecraft:birch_planks":20,"minecraft:air":0,"minecraft:iron_chestplate":1,"minecraft:shield":1,"minecraft:iron_axe":1,"minecraft:stick":12,"minecraft:iron_ingot":17,"minecraft:iron_pickaxe":1,"minecraft:stone_pickaxe":1,"minecraft:wooden_axe":1},"minecraft:picked_up":{"minecraft:wooden_axe":2,"minecraft:birch_log":5,"minecraft:iron_chestplate":1,"minecraft:crafting_table":4,"minecraft:feather":4,"minecraft:chicken":2,"minecraft:andesite":9,"minecraft:wooden_pickaxe":2,"minecraft:birch_planks":4,"minecraft:oak_log":9,"minecraft:shield":1,"minecraft:string":3,"minecraft:dirt":19,"minecraft:iron_axe":1,"minecraft:wooden_sword":1,"minecraft:bone":6,"minecraft:bow":3,"minecraft:stone_pickaxe":1,"minecraft:iron_nugget":30,"minecraft:iron_pickaxe":1,"minecraft:iron_sword":1,"minecraft:birch_sapling":1,"minecraft:oak_planks":56,"minecraft:egg":4,"minecraft:furnace":2,"minecraft:stick":9,"minecraft:raw_iron":42,"minecraft:sweet_berries":47,"minecraft:fire_charge":4,"minecraft:golden_axe":2,"minecraft:diorite":1,"minecraft:spruce_log":4,"minecraft:spider_eye":1,"minecraft:arrow":6,"minecraft:glow_berries":1,"minecraft:coal":66,"minecraft:cobblestone":23,"minecraft:ender_pearl":2},"minecraft:dropped":{"minecraft:birch_sapling":1,"minecraft:spider_eye":1,"minecraft:wooden_sword":1,"minecraft:string":3},"minecraft:used":{"minecraft:stone_pickaxe":46,"minecraft:oak_planks":10,"minecraft:wooden_pickaxe":8,"minecraft:shield":5,"minecraft:iron_sword":12,"minecraft:iron_chestplate":2,"minecraft:glow_berries":1,"minecraft:dirt":13,"minecraft:crafting_table":3,"minecraft:wooden_axe":11,"minecraft:iron_axe":1,"minecraft:iron_pickaxe":36,"minecraft:wooden_sword":12,"minecraft:cobblestone":5,"minecraft:sweet_berries":22,"minecraft:furnace":1,"minecraft:andesite":9},"minecraft:mined":{"minecraft:crafting_table":2,"minecraft:cave_vines_plant":2,"minecraft:short_grass":2,"minecraft:spruce_leaves":1,"minecraft:diorite":1,"minecraft:large_fern":7,"minecraft:furnace":1,"minecraft:birch_log":5,"minecraft:iron_ore":32,"minecraft:sweet_berry_bush":11,"minecraft:birch_leaves":5,"minecraft:andesite":9,"minecraft:oak_log":9,"minecraft:coal_ore":25,"minecraft:cave_vines":3,"minecraft:stone":20},"minecraft:custom":{"minecraft:interact_with_furnace":3,"minecraft:mob_kills":5,"minecraft:interact_with_crafting_table":6,"minecraft:time_since_death":2797,"minecraft:time_since_rest":2823,"minecraft:sprint_one_cm":83154,"minecraft:damage_taken":760,"minecraft:walk_one_cm":23272,"minecraft:damage_blocked_by_shield":538,"minecraft:drop":6,"minecraft:damage_dealt":1148,"minecraft:swim_one_cm":3051,"minecraft:fly_one_cm":51313,"minecraft:open_chest":1,"minecraft:crouch_one_cm":6110,"minecraft:play_time":26896,"minecraft:deaths":2,"minecraft:sneak_time":2510,"minecraft:walk_under_water_one_cm":3456,"minecraft:jump":334,"minecraft:walk_on_water_one_cm":2441,"minecraft:total_world_time":26896,"minecraft:fall_one_cm":13390},"minecraft:killed":{"minecraft:spider":1,"minecraft:skeleton":1,"minecraft:chicken":1,"minecraft:enderman":1}},"DataVersion":3839}