{"stats":{"minecraft:crafted":{"minecraft:wooden_sword":1,"minecraft:birch_planks":20,"minecraft:crafting_table":1,"minecraft:stick":8,"minecraft:wooden_pickaxe":1,"minecraft:wooden_axe":1},"minecraft:picked_up":{"minecraft:birch_log":5,"minecraft:crafting_table":1,"minecraft:oak_log":3,"minecraft:birch_sapling":1},"minecraft:dropped":{"minecraft:birch_sapling":1},"minecraft:used":{"minecraft:wooden_axe":6,"minecraft:crafting_table":1},"minecraft:mined":{"minecraft:short_grass":1,"minecraft:oak_log":4,"minecraft:birch_log":5,"minecraft:birch_leaves":5,"minecraft:crafting_table":1},"minecraft:custom":{"minecraft:time_since_rest":2896,"minecraft:crouch_one_cm":634,"minecraft:play_time":2896,"minecraft:sprint_one_cm":7129,"minecraft:damage_taken":90,"minecraft:walk_one_cm":2768,"minecraft:sneak_time":421,"minecraft:drop":1,"minecraft:jump":6,"minecraft:time_since_death":2896,"minecraft:total_world_time":2896,"minecraft:interact_with_crafting_table":1,"minecraft:fall_one_cm":693,"minecraft:fly_one_cm":1357}},"DataVersion":3839}