{"stats":{"minecraft:used":{"minecraft:iron_shovel":500,"minecraft:flint_and_steel":110,"minecraft:stone_shovel":151,"minecraft:spruce_planks":5,"minecraft:chest":6,"minecraft:shield":47,"minecraft:oak_door":5,"minecraft:torch":100,"minecraft:dirt":436,"minecraft:wooden_axe":50,"minecraft:iron_axe":209,"minecraft:sweet_berries":7,"minecraft:furnace":1,"minecraft:cooked_beef":24,"minecraft:cobbled_deepslate":2,"minecraft:cooked_mutton":9,"minecraft:diorite":4,"minecraft:stone_pickaxe":660,"minecraft:oak_planks":27,"minecraft:wooden_pickaxe":7,"minecraft:spruce_sign":2,"minecraft:cobblestone_slab":11,"minecraft:white_wool":2,"minecraft:sand":17,"minecraft:crafting_table":18,"minecraft:white_bed":14,"minecraft:spruce_log":76,"minecraft:smoker":9,"minecraft:oak_log":8,"minecraft:apple":3,"minecraft:spruce_trapdoor":9,"minecraft:gravel":1,"minecraft:stone_axe":661,"minecraft:cobblestone":80,"minecraft:porkchop":1,"minecraft:cooked_porkchop":2,"minecraft:andesite":21,"minecraft:oak_boat":16,"minecraft:gray_wool":2,"minecraft:experience_bottle":3},"minecraft:mined":{"minecraft:spruce_planks":6,"minecraft:white_bed":13,"minecraft:mossy_cobblestone":100,"minecraft:oak_door":3,"minecraft:jungle_leaves":3,"minecraft:spruce_trapdoor":41,"minecraft:granite":2,"minecraft:grass_block":407,"minecraft:spruce_fence":3,"minecraft:jungle_planks":1,"minecraft:jungle_log":2,"minecraft:spruce_leaves":116,"minecraft:moss_block":4,"minecraft:tall_seagrass":3,"minecraft:furnace":1,"minecraft:iron_ore":17,"minecraft:fire":91,"minecraft:andesite":22,"minecraft:pumpkin":64,"minecraft:dirt_path":16,"minecraft:vine":4,"minecraft:packed_ice":5,"minecraft:bamboo":8,"minecraft:azalea":1,"minecraft:stone":260,"minecraft:podzol":2,"minecraft:brown_mushroom":2,"minecraft:smoker":9,"minecraft:crafting_table":13,"minecraft:torch":3,"minecraft:jungle_stairs":1,"minecraft:short_grass":67,"minecraft:calcite":5,"minecraft:melon":19,"minecraft:chest":2,"minecraft:tall_grass":4,"minecraft:cobblestone":27,"minecraft:sugar_cane":37,"minecraft:oak_planks":24,"minecraft:diorite":6,"minecraft:wall_torch":2,"minecraft:spruce_stairs":1,"minecraft:sweet_berry_bush":19,"minecraft:ice":5,"minecraft:spruce_log":120,"minecraft:birch_leaves":4,"minecraft:oak_log":192,"minecraft:coal_ore":205,"minecraft:gravel":3,"minecraft:sand":85,"minecraft:dirt":220,"minecraft:smooth_basalt":7,"minecraft:oak_leaves":108,"minecraft:deepslate":2,"minecraft:fern":18},"minecraft:broken":{"minecraft:iron_shovel":2,"minecraft:flint_and_steel":1,"minecraft:stone_pickaxe":3,"minecraft:stone_axe":5,"minecraft:wooden_axe":1},"minecraft:killed_by":{"minecraft:iron_golem":1,"minecraft:zombie":1},"minecraft:picked_up":{"minecraft:wooden_axe":1,"minecraft:seagrass":3,"minecraft:crafting_table":13,"minecraft:brown_mushroom":3,"minecraft:lead":4,"minecraft:wooden_pickaxe":1,"minecraft:shield":1,"minecraft:iron_axe":1,"minecraft:cobbled_deepslate":2,"minecraft:spruce_planks":29,"minecraft:beef":63,"minecraft:oak_boat":18,"minecraft:cobblestone_slab":51,"minecraft:azalea":6,"minecraft:iron_nugget":15,"minecraft:poppy":4,"minecraft:light_gray_wool":1,"minecraft:melon_slice":128,"minecraft:sugar_cane":164,"minecraft:chest":2,"minecraft:spruce_trapdoor":41,"minecraft:furnace":3,"minecraft:stick":66,"minecraft:raw_iron":16,"minecraft:oak_door":4,"minecraft:torch":148,"minecraft:spruce_stairs":1,"minecraft:spruce_fence":3,"minecraft:fire_charge":2,"minecraft:porkchop":41,"minecraft:golden_axe":1,"minecraft:diorite":8,"minecraft:arrow":12,"minecraft:rotten_flesh":4,"minecraft:stone_shovel":5,"minecraft:mutton":43,"minecraft:cobblestone":418,"minecraft:white_wool":43,"minecraft:cooked_beef":3,"minecraft:andesite":23,"minecraft:leather":60,"minecraft:smoker":15,"minecraft:filled_map":1,"minecraft:oak_log":550,"minecraft:golden_boots":1,"minecraft:gunpowder":7,"minecraft:lapis_lazuli":10,"minecraft:dirt":781,"minecraft:white_banner":2,"minecraft:cooked_mutton":34,"minecraft:bone":10,"minecraft:apple":3,"minecraft:kelp":8,"minecraft:bow":1,"minecraft:wheat_seeds":2,"minecraft:iron_ingot":7,"minecraft:stone_pickaxe":6,"minecraft:bamboo":128,"minecraft:moss_block":8,"minecraft:oak_planks":32,"minecraft:smooth_basalt":2,"minecraft:cooked_porkchop":33,"minecraft:pumpkin":128,"minecraft:sweet_berries":187,"minecraft:gravel":5,"minecraft:sand":335,"minecraft:spruce_sapling":11,"minecraft:white_bed":13,"minecraft:spruce_log":116,"minecraft:mossy_cobblestone":299,"minecraft:stone_axe":3,"minecraft:granite":2,"minecraft:crossbow":1,"minecraft:gray_wool":2,"minecraft:oak_sapling":12,"minecraft:black_wool":1,"minecraft:coal":738},"minecraft:crafted":{"minecraft:oak_door":3,"minecraft:oak_sign":9,"minecraft:oak_planks":449,"minecraft:stone_shovel":4,"minecraft:cobblestone_slab":126,"minecraft:furnace":7,"minecraft:cooked_mutton":43,"minecraft:flint_and_steel":2,"minecraft:iron_axe":1,"minecraft:stone_pickaxe":6,"minecraft:chest":7,"minecraft:smoker":7,"minecraft:cooked_beef":54,"minecraft:oak_slab":204,"minecraft:cooked_porkchop":35,"minecraft:spruce_sign":3,"minecraft:crafting_table":8,"minecraft:spruce_planks":44,"minecraft:wooden_pickaxe":1,"minecraft:bucket":1,"minecraft:stone_axe":6,"minecraft:air":0,"minecraft:oak_boat":3,"minecraft:shield":1,"minecraft:stick":116,"minecraft:iron_ingot":1,"minecraft:wooden_axe":1,"minecraft:iron_shovel":2,"minecraft:white_bed":1,"minecraft:torch":176},"minecraft:custom":{"minecraft:mob_kills":132,"minecraft:interact_with_crafting_table":39,"minecraft:open_barrel":2,"minecraft:leave_game":12,"minecraft:time_since_death":13024,"minecraft:climb_one_cm":1575,"minecraft:sprint_one_cm":651109,"minecraft:walk_one_cm":727508,"minecraft:damage_blocked_by_shield":1800,"minecraft:drop":66,"minecraft:talked_to_villager":3,"minecraft:play_time":447914,"minecraft:sneak_time":26319,"minecraft:deaths":5,"minecraft:walk_under_water_one_cm":18938,"minecraft:boat_one_cm":1087163,"minecraft:jump":5474,"minecraft:interact_with_blast_furnace":3,"minecraft:walk_on_water_one_cm":18234,"minecraft:total_world_time":447914,"minecraft:interact_with_furnace":1,"minecraft:sleep_in_bed":15,"minecraft:time_since_rest":1927,"minecraft:damage_taken":2853,"minecraft:damage_dealt":18436,"minecraft:swim_one_cm":29811,"minecraft:fly_one_cm":1315066,"minecraft:open_chest":35,"minecraft:crouch_one_cm":74780,"minecraft:interact_with_smoker":49,"minecraft:fall_one_cm":142095},"minecraft:killed":{"minecraft:skeleton":5,"minecraft:chicken":12,"minecraft:turtle":6,"minecraft:pig":23,"minecraft:iron_golem":2,"minecraft:wandering_trader":1,"minecraft:creeper":3,"minecraft:sheep":35,"minecraft:trader_llama":2,"minecraft:pillager":7,"minecraft:zombie":7,"minecraft:cow":27},"minecraft:dropped":{"minecraft:wheat_seeds":1,"minecraft:oak_log":64,"minecraft:mossy_cobblestone":100,"minecraft:crafting_table":2,"minecraft:crossbow":1,"minecraft:golden_axe":1,"minecraft:cobblestone":5,"minecraft:granite":2,"minecraft:coal":64,"minecraft:stick":5,"minecraft:dirt":25,"minecraft:torch":1,"minecraft:wooden_axe":1,"minecraft:seagrass":3,"minecraft:fire_charge":2,"minecraft:sand":64,"minecraft:spruce_sapling":5,"minecraft:smooth_basalt":2,"minecraft:bone":2,"minecraft:oak_door":1,"minecraft:furnace":1,"minecraft:stone_axe":1,"minecraft:kelp":8,"minecraft:sweet_berries":45,"minecraft:sugar_cane":5,"minecraft:iron_nugget":15,"minecraft:stone_shovel":4,"minecraft:rotten_flesh":2,"minecraft:light_gray_wool":1,"minecraft:oak_planks":46,"minecraft:poppy":2,"minecraft:gunpowder":1,"minecraft:spruce_planks":12,"minecraft:andesite":2,"minecraft:oak_boat":3,"minecraft:oak_sapling":4,"minecraft:spruce_log":27,"minecraft:bow":1,"minecraft:arrow":2,"minecraft:beef":5,"minecraft:stone_pickaxe":3,"minecraft:black_wool":1}},"DataVersion":3839}