{"stats":{"minecraft:used":{"minecraft:iron_shovel":602,"minecraft:spruce_slab":67,"minecraft:ladder":65,"minecraft:oak_sign":37,"minecraft:chest":24,"minecraft:shield":82,"minecraft:zombie_spawn_egg":5,"minecraft:deepslate_tile_slab":12,"minecraft:deepslate_brick_slab":87,"minecraft:stripped_spruce_log":565,"minecraft:glass":446,"minecraft:lava_bucket":5,"minecraft:villager_spawn_egg":12,"minecraft:black_stained_glass_pane":108,"minecraft:lantern":13,"minecraft:grass_block":96,"minecraft:cherry_leaves":11,"minecraft:stone_brick_stairs":19,"minecraft:stone_bricks":95,"minecraft:sweet_berries":7,"minecraft:furnace":9,"minecraft:dark_oak_stairs":1,"minecraft:diorite":4,"minecraft:stone_pickaxe":815,"minecraft:oak_planks":607,"minecraft:wooden_pickaxe":7,"minecraft:blue_bed":1,"minecraft:white_wool":2,"minecraft:dark_oak_trapdoor":2,"minecraft:sand":17,"minecraft:blast_furnace":2,"minecraft:dripstone_block":9,"minecraft:deepslate_brick_stairs":4,"minecraft:lectern":15,"minecraft:polished_granite":13,"minecraft:gravel":2,"minecraft:andesite":21,"minecraft:chain":11,"minecraft:oak_boat":16,"minecraft:experience_bottle":3,"minecraft:oak_fence":21,"minecraft:flint_and_steel":166,"minecraft:stone_shovel":151,"minecraft:spruce_planks":486,"minecraft:oak_door":5,"minecraft:torch":374,"minecraft:dirt":603,"minecraft:anvil":3,"minecraft:hopper":10,"minecraft:spruce_stairs":74,"minecraft:granite":3,"minecraft:stone_brick_slab":9,"minecraft:wooden_axe":50,"minecraft:oak_stairs":151,"minecraft:iron_axe":1287,"minecraft:polished_deepslate_wall":37,"minecraft:tadpole_bucket":2,"minecraft:cooked_beef":35,"minecraft:cobbled_deepslate":3,"minecraft:cooked_mutton":11,"minecraft:water_bucket":73,"minecraft:cobblestone_stairs":161,"minecraft:polished_andesite":85,"minecraft:spruce_sign":2,"minecraft:cauldron":2,"minecraft:cobblestone_slab":33,"minecraft:oak_slab":537,"minecraft:crafting_table":21,"minecraft:campfire":18,"minecraft:white_bed":15,"minecraft:smoker":9,"minecraft:spruce_log":566,"minecraft:dark_oak_door":4,"minecraft:oak_log":426,"minecraft:flower_pot":11,"minecraft:apple":3,"minecraft:iron_pickaxe":231,"minecraft:spruce_trapdoor":121,"minecraft:stone_axe":709,"minecraft:azalea_leaves":1,"minecraft:cobblestone":947,"minecraft:purple_bed":11,"minecraft:cooked_porkchop":8,"minecraft:porkchop":1,"minecraft:bucket":73,"minecraft:gray_wool":2},"minecraft:mined":{"minecraft:spruce_planks":7,"minecraft:white_bed":14,"minecraft:jungle_leaves":3,"minecraft:spruce_trapdoor":65,"minecraft:granite":6,"minecraft:grass_block":427,"minecraft:jungle_log":2,"minecraft:hopper":1,"minecraft:oak_wall_sign":5,"minecraft:tall_seagrass":3,"minecraft:iron_ore":64,"minecraft:fire":98,"minecraft:pumpkin":64,"minecraft:pointed_dripstone":39,"minecraft:water_cauldron":2,"minecraft:dirt_path":16,"minecraft:azalea":1,"minecraft:brown_mushroom":2,"minecraft:smoker":9,"minecraft:torch":14,"minecraft:jungle_stairs":1,"minecraft:blast_furnace":2,"minecraft:calcite":5,"minecraft:poppy":9,"minecraft:melon":19,"minecraft:chest":6,"minecraft:glass":1,"minecraft:cobblestone":139,"minecraft:sugar_cane":37,"minecraft:oak_planks":86,"minecraft:wall_torch":3,"minecraft:cauldron":2,"minecraft:oak_log":244,"minecraft:sand":85,"minecraft:dirt":298,"minecraft:smooth_basalt":7,"minecraft:oak_leaves":108,"minecraft:deepslate":3,"minecraft:mossy_cobblestone":100,"minecraft:oak_door":3,"minecraft:ladder":26,"minecraft:spruce_fence":3,"minecraft:jungle_planks":1,"minecraft:spruce_leaves":229,"minecraft:moss_block":4,"minecraft:furnace":6,"minecraft:andesite":35,"minecraft:deepslate_iron_ore":9,"minecraft:vine":4,"minecraft:packed_ice":5,"minecraft:bamboo":8,"minecraft:stone":320,"minecraft:podzol":2,"minecraft:oak_slab":6,"minecraft:dandelion":4,"minecraft:crafting_table":15,"minecraft:short_grass":67,"minecraft:tall_grass":4,"minecraft:lapis_ore":5,"minecraft:diorite":6,"minecraft:blue_bed":1,"minecraft:spruce_stairs":1,"minecraft:purple_bed":2,"minecraft:sweet_berry_bush":19,"minecraft:ice":6,"minecraft:spruce_log":330,"minecraft:birch_leaves":4,"minecraft:coal_ore":265,"minecraft:dripstone_block":16,"minecraft:gravel":4,"minecraft:fern":19},"minecraft:broken":{"minecraft:iron_shovel":2,"minecraft:stone_pickaxe":5,"minecraft:stone_axe":6,"minecraft:wooden_axe":1,"minecraft:flint_and_steel":2,"minecraft:shield":1,"minecraft:iron_axe":1},"minecraft:killed_by":{"minecraft:zombie":1,"minecraft:iron_golem":1},"minecraft:picked_up":{"minecraft:wooden_axe":1,"minecraft:seagrass":3,"minecraft:lead":4,"minecraft:wither_rose":2,"minecraft:polished_deepslate_wall":1,"minecraft:dark_oak_trapdoor":1,"minecraft:string":1,"minecraft:oak_sign":6,"minecraft:cobbled_deepslate":3,"minecraft:bucket":3,"minecraft:spruce_planks":88,"minecraft:cobblestone_slab":51,"minecraft:azalea":6,"minecraft:iron_pickaxe":1,"minecraft:melon_slice":128,"minecraft:furnace":8,"minecraft:dark_oak_door":1,"minecraft:stick":89,"minecraft:oak_fence":1,"minecraft:torch":187,"minecraft:spruce_stairs":3,"minecraft:porkchop":41,"minecraft:golden_axe":1,"minecraft:pointed_dripstone":61,"minecraft:diorite":8,"minecraft:cauldron":4,"minecraft:rotten_flesh":23,"minecraft:cobblestone":628,"minecraft:cooked_beef":47,"minecraft:cherry_leaves":1,"minecraft:water_bucket":1,"minecraft:andesite":36,"minecraft:smoker":15,"minecraft:lapis_lazuli":36,"minecraft:dirt":891,"minecraft:polished_granite":1,"minecraft:bone":13,"minecraft:glass":24,"minecraft:bow":1,"minecraft:wheat_seeds":3,"minecraft:deepslate_brick_slab":1,"minecraft:bamboo":128,"minecraft:moss_block":8,"minecraft:oak_planks":283,"minecraft:cooked_porkchop":60,"minecraft:black_stained_glass_pane":1,"minecraft:sand":336,"minecraft:stripped_spruce_log":447,"minecraft:mossy_cobblestone":299,"minecraft:polished_andesite":1,"minecraft:crossbow":1,"minecraft:granite":6,"minecraft:oak_sapling":12,"minecraft:crafting_table":15,"minecraft:ladder":78,"minecraft:brown_mushroom":3,"minecraft:wooden_pickaxe":1,"minecraft:shield":2,"minecraft:iron_axe":10,"minecraft:flint_and_steel":5,"minecraft:iron_shovel":3,"minecraft:beef":63,"minecraft:oak_boat":18,"minecraft:spruce_slab":14,"minecraft:iron_nugget":15,"minecraft:poppy":13,"minecraft:light_gray_wool":1,"minecraft:sugar_cane":164,"minecraft:chest":6,"minecraft:spruce_trapdoor":99,"minecraft:raw_iron":72,"minecraft:oak_door":4,"minecraft:spruce_fence":3,"minecraft:fire_charge":2,"minecraft:stone_shovel":5,"minecraft:arrow":17,"minecraft:mutton":43,"minecraft:white_wool":44,"minecraft:leather":61,"minecraft:filled_map":1,"minecraft:torchflower":1,"minecraft:crimson_fungus":2,"minecraft:oak_log":758,"minecraft:golden_boots":2,"minecraft:gunpowder":7,"minecraft:deepslate_tile_slab":1,"minecraft:blue_bed":1,"minecraft:white_banner":2,"minecraft:cooked_mutton":35,"minecraft:apple":3,"minecraft:stone_bricks":1,"minecraft:kelp":8,"minecraft:iron_ingot":7,"minecraft:stone_pickaxe":6,"minecraft:dark_oak_stairs":1,"minecraft:oak_slab":22,"minecraft:warped_fungus":1,"minecraft:smooth_basalt":2,"minecraft:pumpkin":128,"minecraft:sweet_berries":192,"minecraft:dandelion":4,"minecraft:dripstone_block":16,"minecraft:gravel":9,"minecraft:blast_furnace":2,"minecraft:spruce_sapling":41,"minecraft:white_bed":14,"minecraft:spruce_log":525,"minecraft:leather_helmet":2,"minecraft:purple_bed":2,"minecraft:campfire":1,"minecraft:stone_axe":3,"minecraft:gray_wool":2,"minecraft:black_wool":1,"minecraft:coal":798,"minecraft:hopper":1,"minecraft:ender_pearl":1},"minecraft:crafted":{"minecraft:oak_planks":1097,"minecraft:cobblestone_slab":126,"minecraft:oak_sign":9,"minecraft:cooked_mutton":43,"minecraft:spruce_pressure_plate":1,"minecraft:hopper":9,"minecraft:glass":127,"minecraft:iron_boots":1,"minecraft:chest":21,"minecraft:smoker":7,"minecraft:oak_slab":204,"minecraft:cooked_porkchop":35,"minecraft:crafting_table":9,"minecraft:spruce_planks":264,"minecraft:wooden_pickaxe":1,"minecraft:iron_helmet":1,"minecraft:iron_chestplate":1,"minecraft:shield":1,"minecraft:stick":264,"minecraft:iron_ingot":57,"minecraft:iron_pickaxe":1,"minecraft:oak_door":3,"minecraft:stone_shovel":4,"minecraft:furnace":11,"minecraft:flint_and_steel":4,"minecraft:iron_axe":10,"minecraft:ladder":48,"minecraft:spruce_slab":36,"minecraft:stone_pickaxe":6,"minecraft:cooked_beef":54,"minecraft:spruce_sign":3,"minecraft:bucket":2,"minecraft:stone_axe":7,"minecraft:air":0,"minecraft:oak_boat":3,"minecraft:wooden_axe":1,"minecraft:iron_shovel":4,"minecraft:iron_leggings":1,"minecraft:white_bed":1,"minecraft:torch":348},"minecraft:custom":{"minecraft:interact_with_crafting_table":60,"minecraft:open_barrel":2,"minecraft:leave_game":15,"minecraft:time_since_death":162097,"minecraft:sprint_one_cm":838916,"minecraft:damage_blocked_by_shield":2975,"minecraft:drop":80,"minecraft:talked_to_villager":4,"minecraft:play_time":800288,"minecraft:deaths":9,"minecraft:jump":7745,"minecraft:walk_on_water_one_cm":63972,"minecraft:interact_with_furnace":52,"minecraft:sleep_in_bed":30,"minecraft:damage_dealt":32239,"minecraft:crouch_one_cm":173711,"minecraft:interact_with_smoker":49,"minecraft:mob_kills":164,"minecraft:interact_with_anvil":4,"minecraft:inspect_hopper":7,"minecraft:climb_one_cm":47447,"minecraft:walk_one_cm":1335089,"minecraft:sneak_time":59861,"minecraft:walk_under_water_one_cm":28903,"minecraft:boat_one_cm":1087163,"minecraft:interact_with_blast_furnace":10,"minecraft:total_world_time":800288,"minecraft:pot_flower":11,"minecraft:time_since_rest":1828,"minecraft:damage_taken":5362,"minecraft:swim_one_cm":31008,"minecraft:fly_one_cm":1912310,"minecraft:open_chest":165,"minecraft:fall_one_cm":213400},"minecraft:killed":{"minecraft:spider":3,"minecraft:skeleton":11,"minecraft:chicken":12,"minecraft:turtle":6,"minecraft:pig":23,"minecraft:zombie_villager":1,"minecraft:iron_golem":11,"minecraft:creeper":3,"minecraft:sheep":35,"minecraft:trader_llama":2,"minecraft:pillager":7,"minecraft:zombie":17,"minecraft:cow":27,"minecraft:wandering_trader":1,"minecraft:enderman":1},"minecraft:dropped":{"minecraft:dark_oak_stairs":1,"minecraft:warped_fungus":1,"minecraft:oak_log":64,"minecraft:crafting_table":2,"minecraft:crossbow":1,"minecraft:dirt":32,"minecraft:seagrass":3,"minecraft:sand":64,"minecraft:white_wool":1,"minecraft:bone":2,"minecraft:oak_door":1,"minecraft:crimson_fungus":1,"minecraft:stone_axe":1,"minecraft:sugar_cane":5,"minecraft:iron_nugget":15,"minecraft:rotten_flesh":12,"minecraft:oak_planks":46,"minecraft:white_bed":1,"minecraft:poppy":2,"minecraft:gunpowder":1,"minecraft:arrow":2,"minecraft:beef":5,"minecraft:torchflower":1,"minecraft:wheat_seeds":1,"minecraft:mossy_cobblestone":100,"minecraft:golden_axe":1,"minecraft:cobblestone":5,"minecraft:granite":2,"minecraft:spruce_stairs":1,"minecraft:coal":64,"minecraft:stick":5,"minecraft:torch":1,"minecraft:wooden_axe":1,"minecraft:fire_charge":2,"minecraft:wither_rose":1,"minecraft:spruce_sapling":8,"minecraft:smooth_basalt":2,"minecraft:furnace":1,"minecraft:anvil":1,"minecraft:kelp":8,"minecraft:sweet_berries":45,"minecraft:stone_shovel":4,"minecraft:light_gray_wool":1,"minecraft:spruce_planks":12,"minecraft:andesite":2,"minecraft:oak_boat":3,"minecraft:oak_sapling":4,"minecraft:spruce_log":27,"minecraft:stone_pickaxe":3,"minecraft:bow":1,"minecraft:black_wool":1}},"DataVersion":3839}