{"stats":{"minecraft:used":{"minecraft:iron_shovel":586,"minecraft:flint_and_steel":166,"minecraft:stone_shovel":151,"minecraft:ladder":65,"minecraft:oak_sign":26,"minecraft:chest":18,"minecraft:spruce_planks":5,"minecraft:shield":82,"minecraft:zombie_spawn_egg":3,"minecraft:oak_door":5,"minecraft:torch":322,"minecraft:dirt":603,"minecraft:anvil":3,"minecraft:hopper":10,"minecraft:granite":3,"minecraft:glass":215,"minecraft:wooden_axe":50,"minecraft:lava_bucket":4,"minecraft:villager_spawn_egg":6,"minecraft:grass_block":9,"minecraft:iron_axe":652,"minecraft:sweet_berries":7,"minecraft:furnace":9,"minecraft:cooked_beef":35,"minecraft:cobbled_deepslate":3,"minecraft:cobblestone_stairs":32,"minecraft:cooked_mutton":11,"minecraft:water_bucket":71,"minecraft:diorite":4,"minecraft:stone_pickaxe":815,"minecraft:oak_planks":607,"minecraft:wooden_pickaxe":7,"minecraft:cauldron":2,"minecraft:blue_bed":1,"minecraft:spruce_sign":2,"minecraft:cobblestone_slab":11,"minecraft:white_wool":2,"minecraft:sand":17,"minecraft:oak_slab":301,"minecraft:crafting_table":20,"minecraft:blast_furnace":2,"minecraft:white_bed":15,"minecraft:dripstone_block":9,"minecraft:spruce_log":76,"minecraft:smoker":9,"minecraft:oak_log":8,"minecraft:apple":3,"minecraft:iron_pickaxe":231,"minecraft:spruce_trapdoor":15,"minecraft:gravel":2,"minecraft:stone_axe":709,"minecraft:purple_bed":5,"minecraft:cobblestone":480,"minecraft:porkchop":1,"minecraft:cooked_porkchop":2,"minecraft:andesite":21,"minecraft:bucket":72,"minecraft:oak_boat":16,"minecraft:gray_wool":2,"minecraft:experience_bottle":3},"minecraft:mined":{"minecraft:spruce_planks":6,"minecraft:white_bed":14,"minecraft:mossy_cobblestone":100,"minecraft:oak_door":3,"minecraft:jungle_leaves":3,"minecraft:spruce_trapdoor":56,"minecraft:ladder":26,"minecraft:granite":6,"minecraft:spruce_fence":3,"minecraft:grass_block":427,"minecraft:jungle_planks":1,"minecraft:jungle_log":2,"minecraft:spruce_leaves":229,"minecraft:moss_block":4,"minecraft:hopper":1,"minecraft:oak_wall_sign":5,"minecraft:tall_seagrass":3,"minecraft:furnace":6,"minecraft:iron_ore":64,"minecraft:fire":98,"minecraft:andesite":35,"minecraft:pumpkin":64,"minecraft:pointed_dripstone":39,"minecraft:dirt_path":16,"minecraft:vine":4,"minecraft:water_cauldron":2,"minecraft:deepslate_iron_ore":9,"minecraft:packed_ice":5,"minecraft:bamboo":8,"minecraft:azalea":1,"minecraft:stone":320,"minecraft:podzol":2,"minecraft:oak_slab":6,"minecraft:brown_mushroom":2,"minecraft:smoker":9,"minecraft:dandelion":4,"minecraft:crafting_table":15,"minecraft:torch":5,"minecraft:jungle_stairs":1,"minecraft:short_grass":67,"minecraft:blast_furnace":2,"minecraft:poppy":9,"minecraft:calcite":5,"minecraft:melon":19,"minecraft:chest":6,"minecraft:tall_grass":4,"minecraft:glass":1,"minecraft:cobblestone":139,"minecraft:lapis_ore":5,"minecraft:oak_planks":86,"minecraft:sugar_cane":37,"minecraft:diorite":6,"minecraft:blue_bed":1,"minecraft:wall_torch":3,"minecraft:cauldron":2,"minecraft:spruce_stairs":1,"minecraft:purple_bed":2,"minecraft:sweet_berry_bush":19,"minecraft:ice":6,"minecraft:spruce_log":277,"minecraft:birch_leaves":4,"minecraft:coal_ore":265,"minecraft:oak_log":192,"minecraft:gravel":4,"minecraft:sand":85,"minecraft:dripstone_block":16,"minecraft:dirt":298,"minecraft:smooth_basalt":7,"minecraft:deepslate":3,"minecraft:oak_leaves":108,"minecraft:fern":19},"minecraft:broken":{"minecraft:iron_shovel":2,"minecraft:flint_and_steel":2,"minecraft:stone_pickaxe":5,"minecraft:shield":1,"minecraft:stone_axe":6,"minecraft:wooden_axe":1},"minecraft:killed_by":{"minecraft:iron_golem":1,"minecraft:zombie":1},"minecraft:picked_up":{"minecraft:wooden_axe":1,"minecraft:seagrass":3,"minecraft:crafting_table":15,"minecraft:ladder":78,"minecraft:brown_mushroom":3,"minecraft:lead":4,"minecraft:wooden_pickaxe":1,"minecraft:shield":2,"minecraft:string":1,"minecraft:iron_axe":3,"minecraft:flint_and_steel":4,"minecraft:iron_shovel":2,"minecraft:oak_sign":5,"minecraft:cobbled_deepslate":3,"minecraft:bucket":2,"minecraft:spruce_planks":39,"minecraft:beef":63,"minecraft:iron_pickaxe":1,"minecraft:oak_boat":18,"minecraft:cobblestone_slab":51,"minecraft:azalea":6,"minecraft:iron_nugget":15,"minecraft:poppy":13,"minecraft:light_gray_wool":1,"minecraft:melon_slice":128,"minecraft:sugar_cane":164,"minecraft:chest":6,"minecraft:spruce_trapdoor":56,"minecraft:furnace":8,"minecraft:stick":89,"minecraft:raw_iron":72,"minecraft:oak_door":4,"minecraft:torch":180,"minecraft:spruce_stairs":1,"minecraft:spruce_fence":3,"minecraft:fire_charge":2,"minecraft:porkchop":41,"minecraft:golden_axe":1,"minecraft:pointed_dripstone":61,"minecraft:diorite":8,"minecraft:cauldron":4,"minecraft:arrow":17,"minecraft:stone_shovel":5,"minecraft:rotten_flesh":22,"minecraft:mutton":43,"minecraft:white_wool":44,"minecraft:cobblestone":606,"minecraft:cooked_beef":47,"minecraft:andesite":36,"minecraft:leather":61,"minecraft:smoker":15,"minecraft:filled_map":1,"minecraft:oak_log":550,"minecraft:golden_boots":2,"minecraft:gunpowder":7,"minecraft:lapis_lazuli":36,"minecraft:dirt":891,"minecraft:blue_bed":1,"minecraft:white_banner":2,"minecraft:glass":24,"minecraft:cooked_mutton":35,"minecraft:bone":13,"minecraft:apple":3,"minecraft:kelp":8,"minecraft:bow":1,"minecraft:wheat_seeds":3,"minecraft:iron_ingot":7,"minecraft:stone_pickaxe":6,"minecraft:bamboo":128,"minecraft:moss_block":8,"minecraft:oak_planks":271,"minecraft:oak_slab":22,"minecraft:smooth_basalt":2,"minecraft:cooked_porkchop":33,"minecraft:pumpkin":128,"minecraft:sweet_berries":192,"minecraft:dandelion":4,"minecraft:dripstone_block":16,"minecraft:gravel":9,"minecraft:sand":336,"minecraft:spruce_sapling":41,"minecraft:blast_furnace":2,"minecraft:white_bed":14,"minecraft:spruce_log":271,"minecraft:leather_helmet":2,"minecraft:mossy_cobblestone":299,"minecraft:purple_bed":2,"minecraft:stone_axe":3,"minecraft:crossbow":1,"minecraft:granite":6,"minecraft:gray_wool":2,"minecraft:oak_sapling":12,"minecraft:black_wool":1,"minecraft:coal":798,"minecraft:hopper":1,"minecraft:ender_pearl":1},"minecraft:crafted":{"minecraft:oak_door":3,"minecraft:oak_planks":1081,"minecraft:stone_shovel":4,"minecraft:cobblestone_slab":126,"minecraft:oak_sign":9,"minecraft:furnace":11,"minecraft:cooked_mutton":43,"minecraft:flint_and_steel":4,"minecraft:glass":88,"minecraft:hopper":9,"minecraft:iron_boots":1,"minecraft:iron_axe":3,"minecraft:ladder":48,"minecraft:stone_pickaxe":6,"minecraft:chest":21,"minecraft:smoker":7,"minecraft:cooked_beef":54,"minecraft:oak_slab":204,"minecraft:cooked_porkchop":35,"minecraft:spruce_sign":3,"minecraft:crafting_table":8,"minecraft:iron_helmet":1,"minecraft:spruce_planks":44,"minecraft:wooden_pickaxe":1,"minecraft:bucket":2,"minecraft:stone_axe":7,"minecraft:air":0,"minecraft:oak_boat":3,"minecraft:iron_chestplate":1,"minecraft:shield":1,"minecraft:stick":264,"minecraft:iron_ingot":57,"minecraft:iron_pickaxe":1,"minecraft:wooden_axe":1,"minecraft:iron_shovel":4,"minecraft:iron_leggings":1,"minecraft:white_bed":1,"minecraft:torch":348},"minecraft:custom":{"minecraft:interact_with_anvil":4,"minecraft:mob_kills":161,"minecraft:inspect_hopper":7,"minecraft:interact_with_crafting_table":57,"minecraft:open_barrel":2,"minecraft:leave_game":14,"minecraft:time_since_death":18583,"minecraft:climb_one_cm":47447,"minecraft:sprint_one_cm":825380,"minecraft:walk_one_cm":1119075,"minecraft:damage_blocked_by_shield":2975,"minecraft:drop":73,"minecraft:talked_to_villager":3,"minecraft:play_time":656774,"minecraft:sneak_time":55566,"minecraft:deaths":9,"minecraft:walk_under_water_one_cm":28903,"minecraft:boat_one_cm":1087163,"minecraft:jump":7281,"minecraft:interact_with_blast_furnace":10,"minecraft:walk_on_water_one_cm":62210,"minecraft:total_world_time":656774,"minecraft:interact_with_furnace":49,"minecraft:sleep_in_bed":23,"minecraft:time_since_rest":10942,"minecraft:damage_taken":4778,"minecraft:damage_dealt":30160,"minecraft:swim_one_cm":31008,"minecraft:fly_one_cm":1618134,"minecraft:open_chest":136,"minecraft:crouch_one_cm":165965,"minecraft:interact_with_smoker":49,"minecraft:fall_one_cm":199658},"minecraft:killed":{"minecraft:spider":3,"minecraft:skeleton":11,"minecraft:chicken":12,"minecraft:turtle":6,"minecraft:pig":23,"minecraft:zombie_villager":1,"minecraft:iron_golem":9,"minecraft:wandering_trader":1,"minecraft:creeper":3,"minecraft:sheep":35,"minecraft:trader_llama":2,"minecraft:pillager":7,"minecraft:zombie":17,"minecraft:enderman":1,"minecraft:cow":27},"minecraft:dropped":{"minecraft:wheat_seeds":1,"minecraft:oak_log":64,"minecraft:mossy_cobblestone":100,"minecraft:crafting_table":2,"minecraft:crossbow":1,"minecraft:golden_axe":1,"minecraft:cobblestone":5,"minecraft:granite":2,"minecraft:coal":64,"minecraft:stick":5,"minecraft:dirt":32,"minecraft:torch":1,"minecraft:wooden_axe":1,"minecraft:seagrass":3,"minecraft:fire_charge":2,"minecraft:sand":64,"minecraft:white_wool":1,"minecraft:spruce_sapling":8,"minecraft:smooth_basalt":2,"minecraft:bone":2,"minecraft:oak_door":1,"minecraft:furnace":1,"minecraft:anvil":1,"minecraft:stone_axe":1,"minecraft:kelp":8,"minecraft:sweet_berries":45,"minecraft:sugar_cane":5,"minecraft:iron_nugget":15,"minecraft:stone_shovel":4,"minecraft:rotten_flesh":11,"minecraft:light_gray_wool":1,"minecraft:oak_planks":46,"minecraft:white_bed":1,"minecraft:poppy":2,"minecraft:gunpowder":1,"minecraft:spruce_planks":12,"minecraft:andesite":2,"minecraft:oak_boat":3,"minecraft:oak_sapling":4,"minecraft:spruce_log":27,"minecraft:bow":1,"minecraft:arrow":2,"minecraft:beef":5,"minecraft:stone_pickaxe":3,"minecraft:black_wool":1}},"DataVersion":3839}