{"stats":{"minecraft:killed_by":{"minecraft:zombie":1},"minecraft:crafted":{"minecraft:oak_planks":80,"minecraft:crafting_table":1,"minecraft:stick":8,"minecraft:wooden_pickaxe":1,"minecraft:stone_pickaxe":1,"minecraft:wooden_axe":1,"minecraft:stone_axe":1},"minecraft:picked_up":{"minecraft:wooden_axe":1,"minecraft:stick":3,"minecraft:crafting_table":3,"minecraft:fire_charge":2,"minecraft:golden_axe":1,"minecraft:oak_log":59,"minecraft:bone":2,"minecraft:arrow":2,"minecraft:apple":2,"minecraft:bow":1,"minecraft:iron_nugget":15,"minecraft:oak_sapling":3,"minecraft:cobblestone":6},"minecraft:dropped":{"minecraft:iron_nugget":15,"minecraft:crafting_table":1,"minecraft:wooden_axe":1,"minecraft:oak_sapling":3,"minecraft:golden_axe":1,"minecraft:fire_charge":2,"minecraft:arrow":2,"minecraft:bow":1,"minecraft:bone":2,"minecraft:stick":3},"minecraft:used":{"minecraft:wooden_axe":40,"minecraft:wooden_pickaxe":7,"minecraft:stone_axe":18,"minecraft:crafting_table":2},"minecraft:mined":{"minecraft:birch_leaves":2,"minecraft:crafting_table":2,"minecraft:oak_log":59,"minecraft:stone":6,"minecraft:oak_leaves":58},"minecraft:custom":{"minecraft:time_since_rest":20375,"minecraft:sprint_one_cm":28485,"minecraft:damage_taken":530,"minecraft:walk_one_cm":29965,"minecraft:mob_kills":3,"minecraft:drop":11,"minecraft:damage_dealt":527,"minecraft:interact_with_crafting_table":3,"minecraft:fly_one_cm":52598,"minecraft:open_chest":3,"minecraft:crouch_one_cm":7820,"minecraft:play_time":50886,"minecraft:deaths":2,"minecraft:sneak_time":3388,"minecraft:jump":291,"minecraft:leave_game":2,"minecraft:time_since_death":20349,"minecraft:total_world_time":50886,"minecraft:fall_one_cm":9992},"minecraft:killed":{"minecraft:zombie":3}},"DataVersion":3839}