{"stats":{"minecraft:killed_by":{"minecraft:zombie":1},"minecraft:crafted":{"minecraft:oak_door":3,"minecraft:oak_planks":80,"minecraft:stone_shovel":3,"minecraft:cobblestone_slab":126,"minecraft:cooked_porkchop":2,"minecraft:crafting_table":2,"minecraft:wooden_pickaxe":1,"minecraft:furnace":2,"minecraft:stone_axe":4,"minecraft:air":0,"minecraft:oak_boat":1,"minecraft:stick":56,"minecraft:stone_pickaxe":5,"minecraft:wooden_axe":1,"minecraft:torch":16,"minecraft:smoker":1},"minecraft:broken":{"minecraft:stone_pickaxe":3,"minecraft:stone_axe":2,"minecraft:wooden_axe":1},"minecraft:picked_up":{"minecraft:wooden_axe":1,"minecraft:seagrass":2,"minecraft:crafting_table":8,"minecraft:andesite":23,"minecraft:brown_mushroom":1,"minecraft:leather":4,"minecraft:lead":4,"minecraft:wooden_pickaxe":1,"minecraft:smoker":1,"minecraft:oak_log":320,"minecraft:gunpowder":7,"minecraft:dirt":17,"minecraft:bone":2,"minecraft:apple":3,"minecraft:bow":1,"minecraft:cobbled_deepslate":2,"minecraft:stone_pickaxe":3,"minecraft:beef":15,"minecraft:cobblestone_slab":51,"minecraft:azalea":2,"minecraft:iron_nugget":15,"minecraft:sugar_cane":31,"minecraft:oak_planks":24,"minecraft:furnace":3,"minecraft:stick":51,"minecraft:raw_iron":15,"minecraft:smooth_basalt":2,"minecraft:oak_door":4,"minecraft:sweet_berries":142,"minecraft:torch":10,"minecraft:fire_charge":2,"minecraft:porkchop":3,"minecraft:sand":145,"minecraft:golden_axe":1,"minecraft:diorite":8,"minecraft:spruce_log":1,"minecraft:arrow":2,"minecraft:stone_shovel":4,"minecraft:rotten_flesh":3,"minecraft:stone_axe":2,"minecraft:granite":2,"minecraft:oak_sapling":12,"minecraft:coal":423,"minecraft:cobblestone":199},"minecraft:used":{"minecraft:diorite":4,"minecraft:stone_shovel":80,"minecraft:stone_pickaxe":434,"minecraft:oak_planks":27,"minecraft:wooden_pickaxe":7,"minecraft:cobblestone_slab":11,"minecraft:oak_door":5,"minecraft:torch":19,"minecraft:sand":17,"minecraft:dirt":11,"minecraft:crafting_table":9,"minecraft:smoker":1,"minecraft:wooden_axe":50,"minecraft:apple":3,"minecraft:stone_axe":296,"minecraft:cobblestone":29,"minecraft:sweet_berries":7,"minecraft:porkchop":1,"minecraft:furnace":1,"minecraft:cooked_porkchop":2,"minecraft:andesite":21,"minecraft:oak_boat":1,"minecraft:cobbled_deepslate":2},"minecraft:dropped":{"minecraft:furnace":1,"minecraft:stone_axe":1,"minecraft:sweet_berries":45,"minecraft:iron_nugget":15,"minecraft:oak_log":64,"minecraft:crafting_table":1,"minecraft:stone_shovel":1,"minecraft:golden_axe":1,"minecraft:rotten_flesh":2,"minecraft:granite":2,"minecraft:coal":64,"minecraft:stick":3,"minecraft:dirt":6,"minecraft:gunpowder":1,"minecraft:torch":1,"minecraft:andesite":2,"minecraft:wooden_axe":1,"minecraft:seagrass":2,"minecraft:oak_sapling":4,"minecraft:fire_charge":2,"minecraft:beef":5,"minecraft:stone_pickaxe":1,"minecraft:arrow":2,"minecraft:bow":1,"minecraft:smooth_basalt":2,"minecraft:bone":2,"minecraft:oak_door":1},"minecraft:mined":{"minecraft:brown_mushroom":1,"minecraft:oak_door":3,"minecraft:smoker":1,"minecraft:crafting_table":7,"minecraft:torch":3,"minecraft:granite":2,"minecraft:short_grass":2,"minecraft:grass_block":13,"minecraft:calcite":5,"minecraft:tall_grass":1,"minecraft:cobblestone":1,"minecraft:sugar_cane":10,"minecraft:oak_planks":24,"minecraft:diorite":6,"minecraft:wall_torch":2,"minecraft:furnace":1,"minecraft:fire":21,"minecraft:sweet_berry_bush":19,"minecraft:iron_ore":16,"minecraft:spruce_log":2,"minecraft:andesite":22,"minecraft:birch_leaves":2,"minecraft:oak_log":192,"minecraft:coal_ore":177,"minecraft:sand":83,"minecraft:dirt":4,"minecraft:smooth_basalt":7,"minecraft:stone":198,"minecraft:oak_leaves":105,"minecraft:deepslate":2},"minecraft:custom":{"minecraft:interact_with_furnace":1,"minecraft:mob_kills":21,"minecraft:interact_with_crafting_table":12,"minecraft:leave_game":10,"minecraft:time_since_death":5785,"minecraft:time_since_rest":5842,"minecraft:sprint_one_cm":129920,"minecraft:damage_taken":1107,"minecraft:walk_one_cm":193601,"minecraft:drop":30,"minecraft:damage_dealt":5139,"minecraft:swim_one_cm":10573,"minecraft:talked_to_villager":1,"minecraft:fly_one_cm":315947,"minecraft:open_chest":3,"minecraft:crouch_one_cm":40413,"minecraft:play_time":221287,"minecraft:deaths":4,"minecraft:sneak_time":15520,"minecraft:walk_under_water_one_cm":5112,"minecraft:boat_one_cm":66490,"minecraft:jump":1132,"minecraft:walk_on_water_one_cm":7818,"minecraft:total_world_time":221287,"minecraft:interact_with_smoker":3,"minecraft:fall_one_cm":29693},"minecraft:killed":{"minecraft:pig":2,"minecraft:wandering_trader":1,"minecraft:creeper":3,"minecraft:skeleton":1,"minecraft:trader_llama":2,"minecraft:zombie":5,"minecraft:turtle":5,"minecraft:cow":2}},"DataVersion":3839}