{"stats":{"minecraft:killed_by":{"minecraft:zombie":1},"minecraft:crafted":{"minecraft:oak_planks":80,"minecraft:cobblestone_slab":126,"minecraft:cooked_porkchop":2,"minecraft:crafting_table":1,"minecraft:wooden_pickaxe":1,"minecraft:furnace":2,"minecraft:stone_axe":4,"minecraft:air":0,"minecraft:stick":56,"minecraft:stone_pickaxe":4,"minecraft:wooden_axe":1,"minecraft:torch":16,"minecraft:smoker":1},"minecraft:broken":{"minecraft:stone_pickaxe":2,"minecraft:stone_axe":2,"minecraft:wooden_axe":1},"minecraft:picked_up":{"minecraft:wooden_axe":1,"minecraft:crafting_table":6,"minecraft:andesite":17,"minecraft:leather":1,"minecraft:lead":2,"minecraft:smoker":1,"minecraft:oak_log":173,"minecraft:gunpowder":4,"minecraft:dirt":4,"minecraft:bone":2,"minecraft:apple":3,"minecraft:bow":1,"minecraft:cobbled_deepslate":2,"minecraft:iron_nugget":15,"minecraft:sugar_cane":16,"minecraft:oak_planks":24,"minecraft:furnace":1,"minecraft:raw_iron":13,"minecraft:stick":3,"minecraft:smooth_basalt":2,"minecraft:torch":1,"minecraft:fire_charge":2,"minecraft:porkchop":2,"minecraft:sand":3,"minecraft:golden_axe":1,"minecraft:diorite":5,"minecraft:arrow":2,"minecraft:rotten_flesh":3,"minecraft:oak_sapling":8,"minecraft:coal":149,"minecraft:cobblestone":185},"minecraft:dropped":{"minecraft:iron_nugget":15,"minecraft:crafting_table":1,"minecraft:golden_axe":1,"minecraft:stick":3,"minecraft:gunpowder":1,"minecraft:wooden_axe":1,"minecraft:oak_sapling":4,"minecraft:fire_charge":2,"minecraft:arrow":2,"minecraft:bow":1,"minecraft:bone":2},"minecraft:used":{"minecraft:diorite":4,"minecraft:stone_pickaxe":371,"minecraft:oak_planks":27,"minecraft:wooden_pickaxe":7,"minecraft:cobblestone_slab":5,"minecraft:torch":2,"minecraft:dirt":4,"minecraft:sand":3,"minecraft:crafting_table":6,"minecraft:smoker":1,"minecraft:wooden_axe":50,"minecraft:apple":3,"minecraft:stone_axe":236,"minecraft:cobblestone":2,"minecraft:furnace":1,"minecraft:cooked_porkchop":1,"minecraft:andesite":6,"minecraft:cobbled_deepslate":2},"minecraft:mined":{"minecraft:smoker":1,"minecraft:crafting_table":5,"minecraft:short_grass":2,"minecraft:grass_block":2,"minecraft:calcite":5,"minecraft:tall_grass":1,"minecraft:cobblestone":1,"minecraft:sugar_cane":5,"minecraft:oak_planks":24,"minecraft:diorite":5,"minecraft:furnace":1,"minecraft:iron_ore":14,"minecraft:andesite":17,"minecraft:birch_leaves":2,"minecraft:oak_log":173,"minecraft:coal_ore":139,"minecraft:sand":3,"minecraft:dirt":2,"minecraft:smooth_basalt":7,"minecraft:stone":184,"minecraft:oak_leaves":101,"minecraft:deepslate":2},"minecraft:custom":{"minecraft:interact_with_furnace":1,"minecraft:mob_kills":15,"minecraft:interact_with_crafting_table":8,"minecraft:leave_game":8,"minecraft:time_since_death":86849,"minecraft:time_since_rest":86879,"minecraft:sprint_one_cm":84362,"minecraft:damage_taken":867,"minecraft:walk_one_cm":124326,"minecraft:drop":13,"minecraft:damage_dealt":3633,"minecraft:talked_to_villager":1,"minecraft:fly_one_cm":191416,"minecraft:open_chest":3,"minecraft:crouch_one_cm":31452,"minecraft:play_time":156587,"minecraft:deaths":3,"minecraft:sneak_time":11517,"minecraft:walk_under_water_one_cm":1198,"minecraft:jump":778,"minecraft:walk_on_water_one_cm":600,"minecraft:interact_with_smoker":3,"minecraft:total_world_time":156587,"minecraft:fall_one_cm":23281},"minecraft:killed":{"minecraft:pig":1,"minecraft:wandering_trader":1,"minecraft:creeper":3,"minecraft:skeleton":1,"minecraft:trader_llama":2,"minecraft:zombie":5,"minecraft:turtle":2}},"DataVersion":3839}