{"stats":{"minecraft:broken":{"minecraft:stone_pickaxe":2},"minecraft:dropped":{"minecraft:fletching_table":1,"minecraft:spruce_stairs":2,"minecraft:grass_block":1,"minecraft:stick":1,"minecraft:dirt":6,"minecraft:blue_carpet":1,"minecraft:gravel":2,"minecraft:stone_axe":1,"minecraft:rotten_flesh":2,"minecraft:spruce_fence":1,"minecraft:oak_sapling":1},"minecraft:used":{"minecraft:flint_and_steel":1,"minecraft:chest":2,"minecraft:shield":3,"minecraft:stone":14,"minecraft:player_head":1,"minecraft:spruce_leaves":6,"minecraft:torch":55,"minecraft:dirt":23,"minecraft:spruce_stairs":2,"minecraft:raw_iron_block":2,"minecraft:granite":1,"minecraft:snowball":1,"minecraft:milk_bucket":1,"minecraft:spruce_boat":23,"minecraft:wooden_axe":20,"minecraft:iron_axe":70,"minecraft:grass_block":50,"minecraft:wet_sponge":11,"minecraft:light_gray_wool":1,"minecraft:snow":22,"minecraft:furnace":2,"minecraft:oak_sapling":4,"minecraft:cooked_beef":2,"minecraft:potato":18,"minecraft:pumpkin":3,"minecraft:golden_boots":1,"minecraft:cooked_mutton":3,"minecraft:cow_spawn_egg":2,"minecraft:spruce_door":35,"minecraft:stone_pickaxe":262,"minecraft:baked_potato":27,"minecraft:wooden_pickaxe":15,"minecraft:fletching_table":2,"minecraft:cracked_stone_bricks":1,"minecraft:crafting_table":14,"minecraft:white_bed":3,"minecraft:dripstone_block":2,"minecraft:smoker":4,"minecraft:spruce_log":8,"minecraft:oak_log":2,"minecraft:iron_pickaxe":75,"minecraft:stone_axe":153,"minecraft:cobblestone":101},"minecraft:custom":{"minecraft:interact_with_smithing_table":1,"minecraft:mob_kills":39,"minecraft:interact_with_crafting_table":28,"minecraft:leave_game":25,"minecraft:time_since_death":31637,"minecraft:sprint_one_cm":141202,"minecraft:walk_one_cm":416005,"minecraft:damage_blocked_by_shield":100,"minecraft:drop":12,"minecraft:talked_to_villager":2,"minecraft:play_time":380227,"minecraft:deaths":5,"minecraft:sneak_time":8411,"minecraft:walk_under_water_one_cm":173719,"minecraft:boat_one_cm":269642,"minecraft:jump":2145,"minecraft:walk_on_water_one_cm":27521,"minecraft:total_world_time":380227,"minecraft:interact_with_furnace":6,"minecraft:sleep_in_bed":7,"minecraft:time_since_rest":3507,"minecraft:damage_taken":3833,"minecraft:damage_dealt":11040,"minecraft:swim_one_cm":191753,"minecraft:fly_one_cm":445348,"minecraft:open_chest":17,"minecraft:crouch_one_cm":10226,"minecraft:interact_with_smoker":18,"minecraft:fall_one_cm":52951},"minecraft:mined":{"minecraft:white_bed":3,"minecraft:grass_block":12,"minecraft:spruce_fence":1,"minecraft:spruce_leaves":8,"minecraft:magma_block":1,"minecraft:raw_iron_block":2,"minecraft:furnace":2,"minecraft:iron_ore":28,"minecraft:fire":1,"minecraft:andesite":1,"minecraft:pumpkin":39,"minecraft:fletching_table":2,"minecraft:pointed_dripstone":3,"minecraft:potatoes":18,"minecraft:dirt_path":5,"minecraft:wet_sponge":42,"minecraft:stone":158,"minecraft:player_head":1,"minecraft:smoker":4,"minecraft:spruce_door":18,"minecraft:crafting_table":11,"minecraft:torch":2,"minecraft:short_grass":6,"minecraft:cobblestone":23,"minecraft:sugar_cane":4,"minecraft:wall_torch":8,"minecraft:spruce_stairs":2,"minecraft:ice":1,"minecraft:spruce_log":24,"minecraft:light_gray_wool":1,"minecraft:coal_ore":112,"minecraft:oak_log":5,"minecraft:gravel":2,"minecraft:dripstone_block":2,"minecraft:dirt":43,"minecraft:cracked_stone_bricks":1,"minecraft:mossy_stone_bricks":2,"minecraft:oak_leaves":2,"minecraft:suspicious_gravel":1},"minecraft:picked_up":{"minecraft:wooden_axe":1,"minecraft:crafting_table":9,"minecraft:wooden_pickaxe":1,"minecraft:spruce_planks":35,"minecraft:beef":2,"minecraft:player_head":1,"minecraft:light_gray_wool":1,"minecraft:sugar_cane":12,"minecraft:raw_iron":37,"minecraft:stick":10,"minecraft:torch":144,"minecraft:spruce_stairs":2,"minecraft:spruce_fence":1,"minecraft:pointed_dripstone":6,"minecraft:redstone":7,"minecraft:blue_carpet":1,"minecraft:rotten_flesh":2,"minecraft:mutton":3,"minecraft:cobblestone":147,"minecraft:snowball":26,"minecraft:white_wool":2,"minecraft:andesite":1,"minecraft:smoker":5,"minecraft:potato":51,"minecraft:oak_log":40,"minecraft:gunpowder":3,"minecraft:dirt":97,"minecraft:bone":2,"minecraft:apple":1,"minecraft:wheat_seeds":1,"minecraft:stone_pickaxe":1,"minecraft:fletching_table":3,"minecraft:pumpkin":37,"minecraft:raw_iron_block":2,"minecraft:dripstone_block":2,"minecraft:ink_sac":2,"minecraft:spruce_log":24,"minecraft:white_bed":4,"minecraft:grass_block":1,"minecraft:stone_axe":2,"minecraft:spruce_boat":24,"minecraft:granite":1,"minecraft:oak_sapling":5,"minecraft:coal":152,"minecraft:oak_leaves":150},"minecraft:killed":{"minecraft:witch":1,"minecraft:skeleton":3,"minecraft:guardian":10,"minecraft:salmon":1,"minecraft:rabbit":1,"minecraft:iron_golem":1,"minecraft:creeper":4,"minecraft:polar_bear":4,"minecraft:sheep":3,"minecraft:zombie":6,"minecraft:stray":1,"minecraft:enderman":1,"minecraft:cow":3},"minecraft:crafted":{"minecraft:oak_planks":216,"minecraft:raw_iron":27,"minecraft:furnace":6,"minecraft:cooked_mutton":3,"minecraft:iron_axe":1,"minecraft:stone_pickaxe":2,"minecraft:chest":2,"minecraft:spruce_boat":1,"minecraft:smoker":1,"minecraft:cooked_beef":2,"minecraft:crafting_table":4,"minecraft:spruce_planks":148,"minecraft:wooden_pickaxe":1,"minecraft:baked_potato":31,"minecraft:spruce_door":30,"minecraft:stone_axe":3,"minecraft:air":0,"minecraft:spruce_trapdoor":2,"minecraft:shield":1,"minecraft:stick":60,"minecraft:iron_ingot":3,"minecraft:iron_pickaxe":1,"minecraft:wooden_axe":2,"minecraft:torch":156},"minecraft:killed_by":{"minecraft:stray":1,"minecraft:guardian":2}},"DataVersion":3955}