{"stats":{"minecraft:killed_by":{"minecraft:zombie":1},"minecraft:crafted":{"minecraft:oak_planks":80,"minecraft:crafting_table":1,"minecraft:wooden_pickaxe":1,"minecraft:stone_axe":2,"minecraft:stick":16,"minecraft:stone_pickaxe":2,"minecraft:wooden_axe":1},"minecraft:used":{"minecraft:stone_pickaxe":118,"minecraft:oak_planks":20,"minecraft:wooden_pickaxe":7,"minecraft:dirt":2,"minecraft:sand":3,"minecraft:crafting_table":3,"minecraft:wooden_axe":50,"minecraft:apple":2,"minecraft:stone_axe":117,"minecraft:cobblestone":2,"minecraft:cobbled_deepslate":2},"minecraft:dropped":{"minecraft:iron_nugget":15,"minecraft:crafting_table":1,"minecraft:golden_axe":1,"minecraft:stick":3,"minecraft:gunpowder":1,"minecraft:wooden_axe":1,"minecraft:oak_sapling":4,"minecraft:fire_charge":2,"minecraft:arrow":2,"minecraft:bow":1,"minecraft:bone":2},"minecraft:mined":{"minecraft:crafting_table":3,"minecraft:calcite":5,"minecraft:cobblestone":1,"minecraft:sugar_cane":5,"minecraft:oak_planks":23,"minecraft:diorite":5,"minecraft:iron_ore":13,"minecraft:birch_leaves":2,"minecraft:oak_log":93,"minecraft:coal_ore":75,"minecraft:sand":3,"minecraft:dirt":2,"minecraft:smooth_basalt":7,"minecraft:stone":16,"minecraft:oak_leaves":81,"minecraft:deepslate":2},"minecraft:killed":{"minecraft:pig":1,"minecraft:creeper":3,"minecraft:skeleton":1,"minecraft:zombie":5,"minecraft:turtle":2},"minecraft:broken":{"minecraft:stone_axe":1,"minecraft:wooden_axe":1},"minecraft:picked_up":{"minecraft:wooden_axe":1,"minecraft:crafting_table":4,"minecraft:oak_log":93,"minecraft:gunpowder":4,"minecraft:dirt":2,"minecraft:bone":2,"minecraft:apple":2,"minecraft:bow":1,"minecraft:cobbled_deepslate":2,"minecraft:iron_nugget":15,"minecraft:sugar_cane":16,"minecraft:oak_planks":23,"minecraft:raw_iron":12,"minecraft:stick":3,"minecraft:smooth_basalt":2,"minecraft:fire_charge":2,"minecraft:porkchop":2,"minecraft:sand":3,"minecraft:golden_axe":1,"minecraft:diorite":5,"minecraft:arrow":2,"minecraft:rotten_flesh":3,"minecraft:oak_sapling":5,"minecraft:coal":75,"minecraft:cobblestone":17},"minecraft:custom":{"minecraft:mob_kills":12,"minecraft:interact_with_crafting_table":5,"minecraft:leave_game":6,"minecraft:time_since_death":56551,"minecraft:time_since_rest":56581,"minecraft:sprint_one_cm":71894,"minecraft:damage_taken":797,"minecraft:walk_one_cm":75231,"minecraft:drop":13,"minecraft:damage_dealt":2353,"minecraft:fly_one_cm":173988,"minecraft:open_chest":3,"minecraft:crouch_one_cm":18908,"minecraft:play_time":126289,"minecraft:deaths":3,"minecraft:sneak_time":7288,"minecraft:jump":628,"minecraft:walk_on_water_one_cm":211,"minecraft:total_world_time":126289,"minecraft:fall_one_cm":19039}},"DataVersion":3839}