{"stats":{"minecraft:used":{"minecraft:iron_shovel":360,"minecraft:flint_and_steel":64,"minecraft:stone_shovel":145,"minecraft:chest":2,"minecraft:shield":38,"minecraft:oak_door":5,"minecraft:torch":29,"minecraft:dirt":56,"minecraft:wooden_axe":50,"minecraft:iron_axe":48,"minecraft:sweet_berries":7,"minecraft:furnace":1,"minecraft:cooked_beef":24,"minecraft:cobbled_deepslate":2,"minecraft:cooked_mutton":3,"minecraft:diorite":4,"minecraft:stone_pickaxe":602,"minecraft:oak_planks":27,"minecraft:wooden_pickaxe":7,"minecraft:cobblestone_slab":11,"minecraft:white_wool":2,"minecraft:sand":17,"minecraft:crafting_table":17,"minecraft:white_bed":13,"minecraft:spruce_log":1,"minecraft:smoker":9,"minecraft:apple":3,"minecraft:stone_axe":655,"minecraft:cobblestone":59,"minecraft:porkchop":1,"minecraft:cooked_porkchop":2,"minecraft:andesite":21,"minecraft:oak_boat":16,"minecraft:gray_wool":2,"minecraft:experience_bottle":3},"minecraft:mined":{"minecraft:spruce_planks":1,"minecraft:white_bed":12,"minecraft:mossy_cobblestone":100,"minecraft:oak_door":3,"minecraft:jungle_leaves":3,"minecraft:spruce_trapdoor":41,"minecraft:granite":2,"minecraft:grass_block":285,"minecraft:spruce_fence":3,"minecraft:jungle_planks":1,"minecraft:jungle_log":2,"minecraft:spruce_leaves":30,"minecraft:tall_seagrass":3,"minecraft:furnace":1,"minecraft:iron_ore":16,"minecraft:fire":81,"minecraft:andesite":22,"minecraft:pumpkin":64,"minecraft:dirt_path":16,"minecraft:vine":4,"minecraft:packed_ice":5,"minecraft:bamboo":8,"minecraft:stone":252,"minecraft:podzol":2,"minecraft:brown_mushroom":1,"minecraft:smoker":9,"minecraft:crafting_table":12,"minecraft:torch":3,"minecraft:jungle_stairs":1,"minecraft:short_grass":67,"minecraft:calcite":5,"minecraft:melon":19,"minecraft:tall_grass":2,"minecraft:cobblestone":6,"minecraft:sugar_cane":37,"minecraft:oak_planks":24,"minecraft:diorite":6,"minecraft:wall_torch":2,"minecraft:spruce_stairs":1,"minecraft:sweet_berry_bush":19,"minecraft:ice":5,"minecraft:spruce_log":41,"minecraft:birch_leaves":4,"minecraft:oak_log":192,"minecraft:coal_ore":177,"minecraft:sand":85,"minecraft:dirt":156,"minecraft:smooth_basalt":7,"minecraft:oak_leaves":108,"minecraft:deepslate":2,"minecraft:fern":18},"minecraft:broken":{"minecraft:iron_shovel":1,"minecraft:flint_and_steel":1,"minecraft:stone_pickaxe":3,"minecraft:stone_axe":5,"minecraft:wooden_axe":1},"minecraft:killed_by":{"minecraft:zombie":1},"minecraft:picked_up":{"minecraft:wooden_axe":1,"minecraft:seagrass":3,"minecraft:crafting_table":12,"minecraft:brown_mushroom":1,"minecraft:lead":4,"minecraft:wooden_pickaxe":1,"minecraft:cobbled_deepslate":2,"minecraft:spruce_planks":12,"minecraft:beef":63,"minecraft:oak_boat":16,"minecraft:cobblestone_slab":51,"minecraft:azalea":2,"minecraft:iron_nugget":15,"minecraft:light_gray_wool":1,"minecraft:melon_slice":64,"minecraft:sugar_cane":100,"minecraft:spruce_trapdoor":41,"minecraft:furnace":3,"minecraft:stick":56,"minecraft:raw_iron":15,"minecraft:oak_door":4,"minecraft:torch":11,"minecraft:spruce_stairs":1,"minecraft:spruce_fence":3,"minecraft:fire_charge":2,"minecraft:porkchop":41,"minecraft:golden_axe":1,"minecraft:diorite":8,"minecraft:arrow":2,"minecraft:rotten_flesh":3,"minecraft:stone_shovel":4,"minecraft:mutton":43,"minecraft:cobblestone":255,"minecraft:white_wool":24,"minecraft:cooked_beef":3,"minecraft:andesite":23,"minecraft:leather":32,"minecraft:smoker":9,"minecraft:oak_log":320,"minecraft:gunpowder":7,"minecraft:dirt":469,"minecraft:white_banner":1,"minecraft:bone":2,"minecraft:apple":3,"minecraft:kelp":8,"minecraft:bow":1,"minecraft:stone_pickaxe":4,"minecraft:bamboo":64,"minecraft:oak_planks":32,"minecraft:smooth_basalt":2,"minecraft:pumpkin":64,"minecraft:sweet_berries":142,"minecraft:sand":145,"minecraft:spruce_sapling":6,"minecraft:white_bed":12,"minecraft:spruce_log":37,"minecraft:mossy_cobblestone":136,"minecraft:stone_axe":2,"minecraft:granite":2,"minecraft:crossbow":1,"minecraft:gray_wool":2,"minecraft:oak_sapling":12,"minecraft:black_wool":1,"minecraft:coal":616},"minecraft:crafted":{"minecraft:oak_door":3,"minecraft:oak_planks":193,"minecraft:stone_shovel":4,"minecraft:cobblestone_slab":126,"minecraft:furnace":7,"minecraft:cooked_mutton":43,"minecraft:flint_and_steel":1,"minecraft:iron_axe":1,"minecraft:stone_pickaxe":6,"minecraft:chest":2,"minecraft:smoker":7,"minecraft:cooked_beef":54,"minecraft:cooked_porkchop":35,"minecraft:crafting_table":7,"minecraft:spruce_planks":16,"minecraft:wooden_pickaxe":1,"minecraft:stone_axe":6,"minecraft:air":0,"minecraft:oak_boat":3,"minecraft:stick":116,"minecraft:wooden_axe":1,"minecraft:iron_shovel":2,"minecraft:white_bed":1,"minecraft:torch":176},"minecraft:custom":{"minecraft:mob_kills":125,"minecraft:interact_with_crafting_table":30,"minecraft:open_barrel":2,"minecraft:leave_game":12,"minecraft:time_since_death":172412,"minecraft:climb_one_cm":1575,"minecraft:sprint_one_cm":547130,"minecraft:walk_one_cm":528430,"minecraft:damage_blocked_by_shield":1430,"minecraft:drop":61,"minecraft:talked_to_villager":1,"minecraft:play_time":387914,"minecraft:sneak_time":23126,"minecraft:deaths":4,"minecraft:walk_under_water_one_cm":18938,"minecraft:boat_one_cm":1087163,"minecraft:jump":4672,"minecraft:walk_on_water_one_cm":18234,"minecraft:total_world_time":387914,"minecraft:interact_with_furnace":1,"minecraft:sleep_in_bed":10,"minecraft:time_since_rest":8701,"minecraft:damage_taken":2369,"minecraft:damage_dealt":15655,"minecraft:swim_one_cm":29811,"minecraft:fly_one_cm":1194996,"minecraft:open_chest":19,"minecraft:crouch_one_cm":66017,"minecraft:interact_with_smoker":49,"minecraft:fall_one_cm":123428},"minecraft:killed":{"minecraft:skeleton":2,"minecraft:chicken":12,"minecraft:turtle":6,"minecraft:pig":22,"minecraft:wandering_trader":1,"minecraft:creeper":3,"minecraft:sheep":35,"minecraft:trader_llama":2,"minecraft:pillager":7,"minecraft:zombie":6,"minecraft:cow":27},"minecraft:dropped":{"minecraft:oak_log":64,"minecraft:mossy_cobblestone":36,"minecraft:crafting_table":2,"minecraft:crossbow":1,"minecraft:golden_axe":1,"minecraft:cobblestone":5,"minecraft:granite":2,"minecraft:coal":64,"minecraft:stick":5,"minecraft:dirt":25,"minecraft:torch":1,"minecraft:wooden_axe":1,"minecraft:seagrass":3,"minecraft:fire_charge":2,"minecraft:spruce_sapling":5,"minecraft:smooth_basalt":2,"minecraft:bone":2,"minecraft:oak_door":1,"minecraft:furnace":1,"minecraft:stone_axe":1,"minecraft:kelp":8,"minecraft:sweet_berries":45,"minecraft:sugar_cane":5,"minecraft:iron_nugget":15,"minecraft:stone_shovel":4,"minecraft:rotten_flesh":2,"minecraft:light_gray_wool":1,"minecraft:oak_planks":46,"minecraft:gunpowder":1,"minecraft:spruce_planks":12,"minecraft:andesite":2,"minecraft:oak_boat":2,"minecraft:oak_sapling":4,"minecraft:spruce_log":27,"minecraft:bow":1,"minecraft:arrow":2,"minecraft:beef":5,"minecraft:stone_pickaxe":3,"minecraft:black_wool":1}},"DataVersion":3839}