{"stats":{"minecraft:mined":{"minecraft:spruce_planks":7,"minecraft:white_bed":14,"minecraft:jungle_leaves":3,"minecraft:spruce_trapdoor":91,"minecraft:granite":6,"minecraft:grass_block":2718,"minecraft:jungle_log":2,"minecraft:composter":2,"minecraft:hopper":5,"minecraft:oak_wall_sign":5,"minecraft:tall_seagrass":3,"minecraft:mossy_cobblestone_slab":7,"minecraft:mossy_cobblestone_stairs":4,"minecraft:iron_ore":74,"minecraft:fire":128,"minecraft:pumpkin":64,"minecraft:pointed_dripstone":41,"minecraft:water_cauldron":2,"minecraft:dirt_path":16,"minecraft:azalea":1,"minecraft:brown_mushroom":2,"minecraft:smoker":9,"minecraft:torch":17,"minecraft:jungle_stairs":1,"minecraft:blast_furnace":4,"minecraft:calcite":5,"minecraft:poppy":10,"minecraft:melon":19,"minecraft:chest":10,"minecraft:glass":1,"minecraft:cobblestone":312,"minecraft:sugar_cane":37,"minecraft:oak_planks":88,"minecraft:wall_torch":4,"minecraft:spruce_sign":2,"minecraft:cauldron":4,"minecraft:oak_log":244,"minecraft:sand":85,"minecraft:dirt":1056,"minecraft:smooth_basalt":7,"minecraft:oak_leaves":108,"minecraft:deepslate":3,"minecraft:mossy_cobblestone":100,"minecraft:oak_door":3,"minecraft:ladder":28,"minecraft:spruce_fence":3,"minecraft:jungle_planks":1,"minecraft:spruce_leaves":435,"minecraft:moss_block":4,"minecraft:large_fern":1,"minecraft:furnace":6,"minecraft:andesite":35,"minecraft:stripped_spruce_log":6,"minecraft:deepslate_iron_ore":9,"minecraft:cobblestone_slab":4,"minecraft:vine":4,"minecraft:packed_ice":5,"minecraft:bamboo":8,"minecraft:stone":2061,"minecraft:podzol":2,"minecraft:oak_slab":6,"minecraft:dandelion":5,"minecraft:crafting_table":18,"minecraft:short_grass":69,"minecraft:tall_grass":4,"minecraft:lapis_ore":5,"minecraft:diorite":10,"minecraft:blue_bed":2,"minecraft:spruce_stairs":1,"minecraft:purple_bed":6,"minecraft:sweet_berry_bush":19,"minecraft:ice":6,"minecraft:spruce_log":509,"minecraft:birch_leaves":4,"minecraft:coal_ore":361,"minecraft:gravel":5,"minecraft:dripstone_block":24,"minecraft:fern":29},"minecraft:killed":{"minecraft:spider":7,"minecraft:skeleton":16,"minecraft:chicken":12,"minecraft:turtle":6,"minecraft:pig":28,"minecraft:zombie_villager":2,"minecraft:iron_golem":11,"minecraft:creeper":4,"minecraft:sheep":38,"minecraft:trader_llama":2,"minecraft:pillager":7,"minecraft:zombie":31,"minecraft:cow":27,"minecraft:bat":1,"minecraft:wandering_trader":1,"minecraft:villager":1,"minecraft:enderman":2},"minecraft:broken":{"minecraft:iron_shovel":14,"minecraft:stone_pickaxe":5,"minecraft:stone_axe":6,"minecraft:wooden_axe":1,"minecraft:flint_and_steel":6,"minecraft:shield":1,"minecraft:iron_axe":3,"minecraft:iron_pickaxe":8},"minecraft:crafted":{"minecraft:oak_planks":1097,"minecraft:cobblestone_slab":564,"minecraft:oak_sign":9,"minecraft:spruce_pressure_plate":4,"minecraft:cooked_mutton":43,"minecraft:glass":127,"minecraft:hopper":14,"minecraft:iron_boots":2,"minecraft:mossy_cobblestone_slab":36,"minecraft:chest":43,"minecraft:smoker":7,"minecraft:oak_slab":204,"minecraft:cauldron":5,"minecraft:cooked_porkchop":35,"minecraft:crafting_table":9,"minecraft:spruce_planks":808,"minecraft:wooden_pickaxe":1,"minecraft:iron_helmet":2,"minecraft:iron_chestplate":2,"minecraft:shield":2,"minecraft:stick":388,"minecraft:iron_ingot":597,"minecraft:iron_pickaxe":23,"minecraft:iron_block":798,"minecraft:oak_door":3,"minecraft:stone_shovel":4,"minecraft:furnace":11,"minecraft:mossy_cobblestone_stairs":4,"minecraft:flint_and_steel":4,"minecraft:iron_axe":12,"minecraft:ladder":57,"minecraft:spruce_slab":138,"minecraft:stone_pickaxe":6,"minecraft:cooked_beef":54,"minecraft:spruce_sign":6,"minecraft:iron_sword":1,"minecraft:bucket":2,"minecraft:stone_axe":7,"minecraft:air":0,"minecraft:oak_boat":3,"minecraft:wooden_axe":1,"minecraft:iron_shovel":32,"minecraft:iron_leggings":2,"minecraft:white_bed":1,"minecraft:torch":348},"minecraft:custom":{"minecraft:interact_with_crafting_table":102,"minecraft:open_barrel":2,"minecraft:bell_ring":1,"minecraft:leave_game":25,"minecraft:time_since_death":221378,"minecraft:sprint_one_cm":1372564,"minecraft:damage_blocked_by_shield":3608,"minecraft:drop":152,"minecraft:talked_to_villager":16,"minecraft:play_time":1255887,"minecraft:deaths":10,"minecraft:jump":10254,"minecraft:walk_on_water_one_cm":67713,"minecraft:interact_with_furnace":52,"minecraft:sleep_in_bed":54,"minecraft:damage_dealt":38258,"minecraft:crouch_one_cm":397075,"minecraft:interact_with_smoker":50,"minecraft:use_cauldron":13,"minecraft:mob_kills":202,"minecraft:interact_with_anvil":4,"minecraft:inspect_hopper":8,"minecraft:fill_cauldron":4,"minecraft:climb_one_cm":47447,"minecraft:walk_one_cm":2221522,"minecraft:sneak_time":102867,"minecraft:walk_under_water_one_cm":30853,"minecraft:boat_one_cm":1087163,"minecraft:interact_with_blast_furnace":10,"minecraft:total_world_time":1255887,"minecraft:pot_flower":11,"minecraft:interact_with_stonecutter":1,"minecraft:time_since_rest":12993,"minecraft:damage_taken":7545,"minecraft:swim_one_cm":31008,"minecraft:fly_one_cm":2786416,"minecraft:open_chest":434,"minecraft:fall_one_cm":276936},"minecraft:dropped":{"minecraft:dark_oak_stairs":1,"minecraft:warped_fungus":1,"minecraft:oak_log":64,"minecraft:crafting_table":2,"minecraft:cooked_porkchop":27,"minecraft:crossbow":1,"minecraft:dirt":546,"minecraft:seagrass":3,"minecraft:sand":64,"minecraft:white_wool":5,"minecraft:bone":2,"minecraft:oak_door":1,"minecraft:crimson_fungus":1,"minecraft:stone_axe":1,"minecraft:sugar_cane":5,"minecraft:iron_nugget":15,"minecraft:rotten_flesh":12,"minecraft:oak_planks":47,"minecraft:cooked_mutton":2,"minecraft:white_bed":1,"minecraft:poppy":2,"minecraft:gunpowder":1,"minecraft:chest":1,"minecraft:arrow":2,"minecraft:beef":5,"minecraft:glass":1,"minecraft:torchflower":1,"minecraft:iron_ingot":896,"minecraft:wheat_seeds":2,"minecraft:mossy_cobblestone":100,"minecraft:cobblestone":22,"minecraft:feather":1,"minecraft:golden_axe":1,"minecraft:granite":3,"minecraft:spruce_stairs":1,"minecraft:coal":64,"minecraft:stick":13,"minecraft:torch":2,"minecraft:wooden_axe":1,"minecraft:fire_charge":2,"minecraft:wither_rose":1,"minecraft:iron_axe":1,"minecraft:iron_shovel":2,"minecraft:spruce_sapling":19,"minecraft:smooth_basalt":2,"minecraft:furnace":1,"minecraft:anvil":1,"minecraft:kelp":8,"minecraft:sweet_berries":45,"minecraft:stone_shovel":4,"minecraft:light_gray_wool":1,"minecraft:villager_spawn_egg":1,"minecraft:oak_sign":1,"minecraft:spruce_planks":12,"minecraft:andesite":2,"minecraft:oak_boat":3,"minecraft:oak_sapling":4,"minecraft:spruce_log":52,"minecraft:bow":1,"minecraft:stone_pickaxe":3,"minecraft:black_wool":1},"minecraft:picked_up":{"minecraft:wooden_axe":1,"minecraft:seagrass":3,"minecraft:iron_chestplate":1,"minecraft:lead":4,"minecraft:wither_rose":2,"minecraft:polished_deepslate_wall":1,"minecraft:dark_oak_trapdoor":1,"minecraft:string":8,"minecraft:iron_leggings":1,"minecraft:oak_sign":13,"minecraft:cobbled_deepslate":3,"minecraft:bucket":6,"minecraft:spruce_planks":132,"minecraft:cobblestone_slab":54,"minecraft:azalea":8,"minecraft:iron_pickaxe":1,"minecraft:melon_slice":192,"minecraft:iron_boots":1,"minecraft:furnace":12,"minecraft:dark_oak_door":1,"minecraft:spruce_pressure_plate":1,"minecraft:stick":124,"minecraft:composter":2,"minecraft:oak_fence":1,"minecraft:torch":245,"minecraft:spruce_stairs":4,"minecraft:porkchop":60,"minecraft:golden_axe":1,"minecraft:pointed_dripstone":125,"minecraft:diorite":12,"minecraft:cauldron":8,"minecraft:rotten_flesh":41,"minecraft:cobblestone":2116,"minecraft:mossy_cobblestone_slab":9,"minecraft:cooked_beef":69,"minecraft:feather":1,"minecraft:cherry_leaves":1,"minecraft:water_bucket":2,"minecraft:andesite":49,"minecraft:smoker":21,"minecraft:flint":1,"minecraft:lapis_lazuli":72,"minecraft:dirt":3370,"minecraft:polished_granite":1,"minecraft:bone":27,"minecraft:glass":75,"minecraft:bow":1,"minecraft:wheat_seeds":6,"minecraft:deepslate_brick_slab":1,"minecraft:bamboo":192,"minecraft:moss_block":12,"minecraft:oak_planks":284,"minecraft:cooked_porkchop":100,"minecraft:black_stained_glass_pane":1,"minecraft:sand":337,"minecraft:stripped_spruce_log":773,"minecraft:grass_block":1,"minecraft:mossy_cobblestone":399,"minecraft:polished_andesite":1,"minecraft:crossbow":1,"minecraft:granite":7,"minecraft:spruce_sign":3,"minecraft:oak_sapling":12,"minecraft:crafting_table":19,"minecraft:ladder":126,"minecraft:brown_mushroom":5,"minecraft:wooden_pickaxe":1,"minecraft:shield":4,"minecraft:iron_axe":17,"minecraft:flint_and_steel":7,"minecraft:iron_shovel":7,"minecraft:beef":63,"minecraft:oak_boat":19,"minecraft:spruce_slab":27,"minecraft:iron_nugget":15,"minecraft:poppy":27,"minecraft:light_gray_wool":1,"minecraft:sugar_cane":228,"minecraft:chest":10,"minecraft:spruce_trapdoor":158,"minecraft:raw_iron":82,"minecraft:oak_door":4,"minecraft:spruce_fence":6,"minecraft:fire_charge":2,"minecraft:stone_shovel":6,"minecraft:arrow":31,"minecraft:mutton":44,"minecraft:white_wool":68,"minecraft:leather":90,"minecraft:filled_map":2,"minecraft:torchflower":1,"minecraft:crimson_fungus":2,"minecraft:oak_log":913,"minecraft:golden_boots":2,"minecraft:gunpowder":8,"minecraft:cobblestone_stairs":1,"minecraft:deepslate_tile_slab":1,"minecraft:blue_bed":2,"minecraft:white_banner":3,"minecraft:cooked_mutton":74,"minecraft:apple":3,"minecraft:stone_bricks":1,"minecraft:kelp":8,"minecraft:stone_pickaxe":6,"minecraft:iron_ingot":881,"minecraft:cooked_chicken":1,"minecraft:iron_sword":1,"minecraft:dark_oak_stairs":1,"minecraft:oak_slab":49,"minecraft:smooth_basalt":2,"minecraft:warped_fungus":1,"minecraft:pumpkin":192,"minecraft:sweet_berries":242,"minecraft:dandelion":12,"minecraft:dripstone_block":31,"minecraft:gravel":14,"minecraft:lava_bucket":1,"minecraft:blast_furnace":4,"minecraft:spruce_sapling":67,"minecraft:white_bed":14,"minecraft:spruce_log":890,"minecraft:leather_helmet":2,"minecraft:purple_bed":6,"minecraft:campfire":1,"minecraft:stone_axe":4,"minecraft:iron_helmet":1,"minecraft:mossy_cobblestone_stairs":2,"minecraft:gray_wool":2,"minecraft:black_wool":1,"minecraft:coal":979,"minecraft:hopper":5,"minecraft:ender_pearl":3},"minecraft:killed_by":{"minecraft:creeper":1,"minecraft:zombie":1,"minecraft:iron_golem":1},"minecraft:used":{"minecraft:iron_shovel":3707,"minecraft:spruce_slab":106,"minecraft:ladder":67,"minecraft:oak_sign":67,"minecraft:chest":53,"minecraft:shield":99,"minecraft:iron_sword":79,"minecraft:zombie_spawn_egg":5,"minecraft:deepslate_brick_slab":109,"minecraft:deepslate_tile_slab":77,"minecraft:stripped_spruce_log":600,"minecraft:glass":448,"minecraft:lava_bucket":23,"minecraft:villager_spawn_egg":13,"minecraft:black_stained_glass_pane":171,"minecraft:lantern":30,"minecraft:grass_block":367,"minecraft:mossy_cobblestone_slab":34,"minecraft:cherry_leaves":11,"minecraft:stone_brick_stairs":21,"minecraft:stone_bricks":158,"minecraft:sweet_berries":7,"minecraft:furnace":12,"minecraft:dark_oak_stairs":1,"minecraft:diorite":4,"minecraft:stone_pickaxe":815,"minecraft:oak_planks":607,"minecraft:wooden_pickaxe":7,"minecraft:blue_bed":1,"minecraft:white_wool":2,"minecraft:dark_oak_trapdoor":2,"minecraft:sand":17,"minecraft:blast_furnace":4,"minecraft:dripstone_block":24,"minecraft:deepslate_brick_stairs":636,"minecraft:lectern":15,"minecraft:polished_granite":13,"minecraft:gravel":2,"minecraft:andesite":21,"minecraft:chain":11,"minecraft:oak_boat":16,"minecraft:experience_bottle":3,"minecraft:oak_fence":56,"minecraft:flint_and_steel":409,"minecraft:stone_shovel":151,"minecraft:spruce_planks":629,"minecraft:tinted_glass":52,"minecraft:cooked_chicken":1,"minecraft:oak_door":8,"minecraft:torch":421,"minecraft:dirt":1028,"minecraft:anvil":3,"minecraft:hopper":18,"minecraft:spruce_stairs":87,"minecraft:granite":3,"minecraft:mossy_cobblestone_stairs":5,"minecraft:stone_brick_slab":9,"minecraft:wooden_axe":50,"minecraft:iron_block":52,"minecraft:iron_axe":1603,"minecraft:oak_stairs":235,"minecraft:polished_deepslate_wall":37,"minecraft:tadpole_bucket":2,"minecraft:cooked_beef":35,"minecraft:cobbled_deepslate":3,"minecraft:pointed_dripstone":10,"minecraft:cooked_mutton":28,"minecraft:water_bucket":102,"minecraft:cobblestone_stairs":161,"minecraft:dirt_path":183,"minecraft:polished_andesite":88,"minecraft:cauldron":11,"minecraft:spruce_sign":3,"minecraft:cobblestone_slab":37,"minecraft:oak_slab":549,"minecraft:crafting_table":25,"minecraft:white_bed":15,"minecraft:campfire":50,"minecraft:spruce_log":582,"minecraft:dark_oak_door":20,"minecraft:smoker":11,"minecraft:oak_log":514,"minecraft:flower_pot":11,"minecraft:apple":3,"minecraft:iron_pickaxe":2292,"minecraft:spruce_trapdoor":144,"minecraft:stone_axe":709,"minecraft:purple_bed":17,"minecraft:cobblestone":1048,"minecraft:azalea_leaves":1,"minecraft:porkchop":1,"minecraft:cooked_porkchop":23,"minecraft:bucket":118,"minecraft:gray_wool":2}},"DataVersion":3839}