{"stats":{"minecraft:killed_by":{"minecraft:zombie":1},"minecraft:crafted":{"minecraft:oak_planks":80,"minecraft:crafting_table":1,"minecraft:stick":8,"minecraft:wooden_pickaxe":1,"minecraft:stone_pickaxe":1,"minecraft:wooden_axe":1,"minecraft:stone_axe":1},"minecraft:picked_up":{"minecraft:wooden_axe":1,"minecraft:stick":3,"minecraft:crafting_table":3,"minecraft:smooth_basalt":2,"minecraft:fire_charge":2,"minecraft:golden_axe":1,"minecraft:oak_log":74,"minecraft:bone":2,"minecraft:arrow":2,"minecraft:rotten_flesh":1,"minecraft:apple":2,"minecraft:bow":1,"minecraft:cobbled_deepslate":2,"minecraft:iron_nugget":15,"minecraft:oak_sapling":3,"minecraft:cobblestone":6},"minecraft:dropped":{"minecraft:iron_nugget":15,"minecraft:crafting_table":1,"minecraft:wooden_axe":1,"minecraft:oak_sapling":3,"minecraft:golden_axe":1,"minecraft:fire_charge":2,"minecraft:arrow":2,"minecraft:bow":1,"minecraft:bone":2,"minecraft:stick":3},"minecraft:used":{"minecraft:wooden_axe":40,"minecraft:apple":1,"minecraft:stone_pickaxe":14,"minecraft:wooden_pickaxe":7,"minecraft:stone_axe":50,"minecraft:crafting_table":2,"minecraft:cobbled_deepslate":2},"minecraft:mined":{"minecraft:birch_leaves":2,"minecraft:crafting_table":2,"minecraft:calcite":5,"minecraft:oak_log":74,"minecraft:smooth_basalt":7,"minecraft:stone":6,"minecraft:oak_leaves":68,"minecraft:deepslate":2},"minecraft:custom":{"minecraft:time_since_rest":32375,"minecraft:sprint_one_cm":44154,"minecraft:damage_taken":640,"minecraft:walk_one_cm":39186,"minecraft:mob_kills":5,"minecraft:drop":11,"minecraft:damage_dealt":927,"minecraft:interact_with_crafting_table":3,"minecraft:fly_one_cm":68764,"minecraft:open_chest":3,"minecraft:crouch_one_cm":7988,"minecraft:play_time":62886,"minecraft:deaths":2,"minecraft:sneak_time":3459,"minecraft:jump":369,"minecraft:leave_game":2,"minecraft:time_since_death":32349,"minecraft:total_world_time":62886,"minecraft:fall_one_cm":12407},"minecraft:killed":{"minecraft:skeleton":1,"minecraft:zombie":4}},"DataVersion":3839}