{"stats":{"minecraft:dropped":{"minecraft:iron_nugget":15,"minecraft:wooden_axe":1,"minecraft:crafting_table":1,"minecraft:oak_sapling":4,"minecraft:golden_axe":1,"minecraft:fire_charge":2,"minecraft:bow":1,"minecraft:arrow":2,"minecraft:bone":2,"minecraft:stick":3},"minecraft:killed_by":{"minecraft:zombie":1},"minecraft:custom":{"minecraft:time_since_rest":44740,"minecraft:sprint_one_cm":70348,"minecraft:damage_taken":797,"minecraft:walk_one_cm":66620,"minecraft:mob_kills":12,"minecraft:drop":12,"minecraft:damage_dealt":2353,"minecraft:interact_with_crafting_table":5,"minecraft:fly_one_cm":156977,"minecraft:open_chest":3,"minecraft:crouch_one_cm":13428,"minecraft:play_time":114448,"minecraft:deaths":3,"minecraft:sneak_time":5504,"minecraft:jump":590,"minecraft:leave_game":4,"minecraft:time_since_death":44710,"minecraft:walk_on_water_one_cm":80,"minecraft:total_world_time":114448,"minecraft:fall_one_cm":18563},"minecraft:crafted":{"minecraft:oak_planks":80,"minecraft:crafting_table":1,"minecraft:stick":16,"minecraft:wooden_pickaxe":1,"minecraft:stone_pickaxe":2,"minecraft:wooden_axe":1,"minecraft:stone_axe":2},"minecraft:picked_up":{"minecraft:wooden_axe":1,"minecraft:stick":3,"minecraft:crafting_table":4,"minecraft:smooth_basalt":2,"minecraft:fire_charge":2,"minecraft:porkchop":2,"minecraft:sand":3,"minecraft:golden_axe":1,"minecraft:oak_log":93,"minecraft:gunpowder":3,"minecraft:dirt":2,"minecraft:bone":2,"minecraft:arrow":2,"minecraft:rotten_flesh":3,"minecraft:apple":2,"minecraft:bow":1,"minecraft:cobbled_deepslate":2,"minecraft:iron_nugget":15,"minecraft:oak_sapling":5,"minecraft:sugar_cane":16,"minecraft:oak_planks":23,"minecraft:coal":47,"minecraft:cobblestone":13},"minecraft:used":{"minecraft:wooden_axe":50,"minecraft:apple":2,"minecraft:stone_pickaxe":68,"minecraft:oak_planks":20,"minecraft:wooden_pickaxe":7,"minecraft:stone_axe":117,"minecraft:dirt":2,"minecraft:sand":3,"minecraft:cobblestone":1,"minecraft:crafting_table":3,"minecraft:cobbled_deepslate":2},"minecraft:killed":{"minecraft:skeleton":1,"minecraft:zombie":5,"minecraft:pig":1,"minecraft:turtle":2,"minecraft:creeper":3},"minecraft:mined":{"minecraft:birch_leaves":2,"minecraft:crafting_table":3,"minecraft:calcite":5,"minecraft:coal_ore":47,"minecraft:oak_log":93,"minecraft:sand":3,"minecraft:dirt":2,"minecraft:smooth_basalt":7,"minecraft:stone":13,"minecraft:oak_planks":23,"minecraft:sugar_cane":5,"minecraft:oak_leaves":81,"minecraft:deepslate":2},"minecraft:broken":{"minecraft:wooden_axe":1,"minecraft:stone_axe":1}},"DataVersion":3839}