{"stats":{"minecraft:killed_by":{"minecraft:zombie":1},"minecraft:crafted":{"minecraft:oak_door":3,"minecraft:oak_planks":80,"minecraft:stone_shovel":3,"minecraft:cobblestone_slab":126,"minecraft:cooked_porkchop":2,"minecraft:crafting_table":2,"minecraft:wooden_pickaxe":1,"minecraft:furnace":2,"minecraft:stone_axe":4,"minecraft:air":0,"minecraft:stick":56,"minecraft:stone_pickaxe":5,"minecraft:wooden_axe":1,"minecraft:torch":16,"minecraft:smoker":1},"minecraft:broken":{"minecraft:stone_pickaxe":3,"minecraft:stone_axe":2,"minecraft:wooden_axe":1},"minecraft:picked_up":{"minecraft:wooden_axe":1,"minecraft:crafting_table":8,"minecraft:andesite":23,"minecraft:leather":1,"minecraft:lead":2,"minecraft:smoker":1,"minecraft:oak_log":192,"minecraft:gunpowder":4,"minecraft:dirt":17,"minecraft:bone":2,"minecraft:apple":3,"minecraft:bow":1,"minecraft:cobbled_deepslate":2,"minecraft:iron_nugget":15,"minecraft:sugar_cane":16,"minecraft:oak_planks":24,"minecraft:furnace":1,"minecraft:stick":27,"minecraft:raw_iron":15,"minecraft:smooth_basalt":2,"minecraft:oak_door":3,"minecraft:sweet_berries":52,"minecraft:torch":7,"minecraft:fire_charge":2,"minecraft:porkchop":3,"minecraft:sand":81,"minecraft:golden_axe":1,"minecraft:diorite":6,"minecraft:arrow":2,"minecraft:rotten_flesh":3,"minecraft:granite":2,"minecraft:oak_sapling":8,"minecraft:coal":187,"minecraft:cobblestone":199},"minecraft:dropped":{"minecraft:iron_nugget":15,"minecraft:crafting_table":1,"minecraft:golden_axe":1,"minecraft:rotten_flesh":2,"minecraft:stick":3,"minecraft:dirt":6,"minecraft:gunpowder":1,"minecraft:torch":1,"minecraft:andesite":2,"minecraft:wooden_axe":1,"minecraft:oak_sapling":4,"minecraft:fire_charge":2,"minecraft:arrow":2,"minecraft:bow":1,"minecraft:smooth_basalt":2,"minecraft:bone":2},"minecraft:used":{"minecraft:diorite":4,"minecraft:stone_shovel":80,"minecraft:stone_pickaxe":434,"minecraft:oak_planks":27,"minecraft:wooden_pickaxe":7,"minecraft:cobblestone_slab":11,"minecraft:oak_door":5,"minecraft:torch":19,"minecraft:sand":9,"minecraft:dirt":11,"minecraft:crafting_table":9,"minecraft:smoker":1,"minecraft:wooden_axe":50,"minecraft:apple":3,"minecraft:stone_axe":270,"minecraft:cobblestone":9,"minecraft:sweet_berries":7,"minecraft:furnace":1,"minecraft:cooked_porkchop":2,"minecraft:andesite":21,"minecraft:cobbled_deepslate":2},"minecraft:mined":{"minecraft:oak_door":3,"minecraft:smoker":1,"minecraft:crafting_table":7,"minecraft:torch":3,"minecraft:granite":2,"minecraft:short_grass":2,"minecraft:grass_block":13,"minecraft:calcite":5,"minecraft:tall_grass":1,"minecraft:cobblestone":1,"minecraft:sugar_cane":5,"minecraft:oak_planks":24,"minecraft:diorite":6,"minecraft:wall_torch":2,"minecraft:furnace":1,"minecraft:sweet_berry_bush":19,"minecraft:iron_ore":16,"minecraft:andesite":22,"minecraft:birch_leaves":2,"minecraft:oak_log":192,"minecraft:coal_ore":177,"minecraft:sand":83,"minecraft:dirt":4,"minecraft:smooth_basalt":7,"minecraft:stone":198,"minecraft:oak_leaves":105,"minecraft:deepslate":2},"minecraft:custom":{"minecraft:interact_with_furnace":1,"minecraft:mob_kills":16,"minecraft:interact_with_crafting_table":11,"minecraft:leave_game":10,"minecraft:time_since_death":139549,"minecraft:time_since_rest":139579,"minecraft:sprint_one_cm":119233,"minecraft:damage_taken":957,"minecraft:walk_one_cm":178550,"minecraft:drop":19,"minecraft:damage_dealt":4040,"minecraft:swim_one_cm":2747,"minecraft:talked_to_villager":1,"minecraft:fly_one_cm":219317,"minecraft:open_chest":3,"minecraft:crouch_one_cm":39523,"minecraft:play_time":209287,"minecraft:deaths":3,"minecraft:sneak_time":14758,"minecraft:walk_under_water_one_cm":2664,"minecraft:jump":1028,"minecraft:walk_on_water_one_cm":5818,"minecraft:total_world_time":209287,"minecraft:interact_with_smoker":3,"minecraft:fall_one_cm":28673},"minecraft:killed":{"minecraft:pig":2,"minecraft:wandering_trader":1,"minecraft:creeper":3,"minecraft:skeleton":1,"minecraft:trader_llama":2,"minecraft:zombie":5,"minecraft:turtle":2}},"DataVersion":3839}