{"stats":{"minecraft:killed_by":{"minecraft:stray":1},"minecraft:crafted":{"minecraft:cooked_beef":2,"minecraft:oak_planks":216,"minecraft:raw_iron":27,"minecraft:crafting_table":4,"minecraft:spruce_planks":80,"minecraft:wooden_pickaxe":1,"minecraft:baked_potato":31,"minecraft:furnace":1,"minecraft:stone_axe":3,"minecraft:cooked_mutton":3,"minecraft:air":0,"minecraft:spruce_trapdoor":2,"minecraft:stick":48,"minecraft:stone_pickaxe":2,"minecraft:wooden_axe":2,"minecraft:chest":2,"minecraft:spruce_boat":1,"minecraft:torch":148,"minecraft:smoker":1},"minecraft:used":{"minecraft:cooked_mutton":3,"minecraft:cow_spawn_egg":2,"minecraft:stone_pickaxe":234,"minecraft:baked_potato":9,"minecraft:chest":2,"minecraft:wooden_pickaxe":15,"minecraft:stone":14,"minecraft:fletching_table":2,"minecraft:player_head":1,"minecraft:torch":49,"minecraft:dirt":22,"minecraft:crafting_table":9,"minecraft:spruce_stairs":2,"minecraft:white_bed":3,"minecraft:raw_iron_block":2,"minecraft:snowball":1,"minecraft:smoker":4,"minecraft:milk_bucket":1,"minecraft:oak_log":2,"minecraft:spruce_boat":10,"minecraft:wooden_axe":20,"minecraft:grass_block":50,"minecraft:stone_axe":104,"minecraft:light_gray_wool":1,"minecraft:cobblestone":73,"minecraft:snow":22,"minecraft:oak_sapling":4,"minecraft:cooked_beef":2,"minecraft:potato":18,"minecraft:pumpkin":3},"minecraft:picked_up":{"minecraft:wooden_axe":1,"minecraft:crafting_table":9,"minecraft:andesite":1,"minecraft:wooden_pickaxe":1,"minecraft:smoker":5,"minecraft:potato":50,"minecraft:oak_log":40,"minecraft:gunpowder":3,"minecraft:dirt":82,"minecraft:bone":2,"minecraft:apple":1,"minecraft:wheat_seeds":1,"minecraft:spruce_planks":35,"minecraft:beef":2,"minecraft:stone_pickaxe":1,"minecraft:player_head":1,"minecraft:fletching_table":3,"minecraft:light_gray_wool":1,"minecraft:sugar_cane":12,"minecraft:stick":10,"minecraft:raw_iron":37,"minecraft:pumpkin":37,"minecraft:torch":144,"minecraft:raw_iron_block":2,"minecraft:spruce_stairs":2,"minecraft:dripstone_block":2,"minecraft:spruce_fence":1,"minecraft:pointed_dripstone":6,"minecraft:grass_block":1,"minecraft:white_bed":4,"minecraft:spruce_log":24,"minecraft:redstone":7,"minecraft:blue_carpet":1,"minecraft:rotten_flesh":2,"minecraft:spruce_boat":11,"minecraft:stone_axe":2,"minecraft:oak_sapling":5,"minecraft:mutton":3,"minecraft:snowball":26,"minecraft:coal":152,"minecraft:oak_leaves":150,"minecraft:white_wool":2,"minecraft:cobblestone":144},"minecraft:killed":{"minecraft:witch":1,"minecraft:rabbit":1,"minecraft:creeper":4,"minecraft:skeleton":2,"minecraft:sheep":3,"minecraft:zombie":4,"minecraft:stray":1,"minecraft:enderman":1,"minecraft:cow":3},"minecraft:dropped":{"minecraft:stone_axe":1,"minecraft:rotten_flesh":2,"minecraft:fletching_table":1,"minecraft:spruce_stairs":2,"minecraft:grass_block":1,"minecraft:spruce_fence":1,"minecraft:stick":1,"minecraft:dirt":6,"minecraft:oak_sapling":1,"minecraft:blue_carpet":1},"minecraft:custom":{"minecraft:interact_with_smithing_table":1,"minecraft:mob_kills":20,"minecraft:interact_with_crafting_table":13,"minecraft:leave_game":19,"minecraft:time_since_death":29805,"minecraft:sleep_in_bed":5,"minecraft:time_since_rest":29835,"minecraft:sprint_one_cm":109821,"minecraft:damage_taken":1172,"minecraft:walk_one_cm":352564,"minecraft:drop":11,"minecraft:damage_dealt":3639,"minecraft:swim_one_cm":351,"minecraft:talked_to_villager":2,"minecraft:fly_one_cm":310298,"minecraft:open_chest":7,"minecraft:crouch_one_cm":8478,"minecraft:play_time":268594,"minecraft:deaths":2,"minecraft:sneak_time":5071,"minecraft:walk_under_water_one_cm":1785,"minecraft:boat_one_cm":68774,"minecraft:jump":1675,"minecraft:walk_on_water_one_cm":4158,"minecraft:interact_with_smoker":18,"minecraft:total_world_time":268594,"minecraft:fall_one_cm":46064},"minecraft:mined":{"minecraft:white_bed":3,"minecraft:smoker":4,"minecraft:crafting_table":8,"minecraft:torch":2,"minecraft:short_grass":6,"minecraft:grass_block":12,"minecraft:spruce_fence":1,"minecraft:cobblestone":17,"minecraft:spruce_leaves":6,"minecraft:sugar_cane":4,"minecraft:wall_torch":8,"minecraft:spruce_stairs":2,"minecraft:raw_iron_block":2,"minecraft:iron_ore":27,"minecraft:spruce_log":18,"minecraft:andesite":1,"minecraft:light_gray_wool":1,"minecraft:pumpkin":37,"minecraft:fletching_table":2,"minecraft:coal_ore":73,"minecraft:potatoes":18,"minecraft:pointed_dripstone":3,"minecraft:oak_log":5,"minecraft:dirt_path":4,"minecraft:dirt":43,"minecraft:dripstone_block":2,"minecraft:stone":110,"minecraft:player_head":1,"minecraft:oak_leaves":2},"minecraft:broken":{"minecraft:stone_pickaxe":1}},"DataVersion":3955}