{"stats":{"minecraft:killed":{"minecraft:witch":1,"minecraft:rabbit":1,"minecraft:creeper":4,"minecraft:skeleton":2,"minecraft:sheep":3,"minecraft:zombie":4,"minecraft:stray":1,"minecraft:enderman":1,"minecraft:cow":3},"minecraft:picked_up":{"minecraft:wooden_axe":1,"minecraft:crafting_table":9,"minecraft:andesite":1,"minecraft:wooden_pickaxe":1,"minecraft:smoker":5,"minecraft:potato":50,"minecraft:oak_log":40,"minecraft:gunpowder":3,"minecraft:dirt":82,"minecraft:bone":2,"minecraft:apple":1,"minecraft:wheat_seeds":1,"minecraft:spruce_planks":35,"minecraft:beef":2,"minecraft:stone_pickaxe":1,"minecraft:player_head":1,"minecraft:fletching_table":3,"minecraft:light_gray_wool":1,"minecraft:sugar_cane":12,"minecraft:stick":10,"minecraft:raw_iron":37,"minecraft:pumpkin":37,"minecraft:torch":144,"minecraft:raw_iron_block":2,"minecraft:spruce_stairs":2,"minecraft:dripstone_block":2,"minecraft:spruce_fence":1,"minecraft:pointed_dripstone":6,"minecraft:grass_block":1,"minecraft:white_bed":4,"minecraft:spruce_log":24,"minecraft:redstone":7,"minecraft:blue_carpet":1,"minecraft:rotten_flesh":2,"minecraft:spruce_boat":16,"minecraft:stone_axe":2,"minecraft:oak_sapling":5,"minecraft:mutton":3,"minecraft:oak_leaves":150,"minecraft:coal":152,"minecraft:snowball":26,"minecraft:white_wool":2,"minecraft:cobblestone":144},"minecraft:killed_by":{"minecraft:stray":1},"minecraft:crafted":{"minecraft:cooked_beef":2,"minecraft:oak_planks":216,"minecraft:raw_iron":27,"minecraft:crafting_table":4,"minecraft:spruce_planks":104,"minecraft:wooden_pickaxe":1,"minecraft:baked_potato":31,"minecraft:spruce_door":12,"minecraft:furnace":1,"minecraft:stone_axe":3,"minecraft:cooked_mutton":3,"minecraft:air":0,"minecraft:spruce_trapdoor":2,"minecraft:stick":48,"minecraft:stone_pickaxe":2,"minecraft:wooden_axe":2,"minecraft:chest":2,"minecraft:spruce_boat":1,"minecraft:torch":148,"minecraft:smoker":1},"minecraft:used":{"minecraft:cooked_mutton":3,"minecraft:cow_spawn_egg":2,"minecraft:spruce_door":5,"minecraft:stone_pickaxe":242,"minecraft:baked_potato":9,"minecraft:chest":2,"minecraft:wooden_pickaxe":15,"minecraft:stone":14,"minecraft:fletching_table":2,"minecraft:player_head":1,"minecraft:torch":49,"minecraft:dirt":23,"minecraft:crafting_table":10,"minecraft:spruce_stairs":2,"minecraft:white_bed":3,"minecraft:raw_iron_block":2,"minecraft:snowball":1,"minecraft:smoker":4,"minecraft:milk_bucket":1,"minecraft:oak_log":2,"minecraft:spruce_boat":15,"minecraft:wooden_axe":20,"minecraft:grass_block":50,"minecraft:stone_axe":108,"minecraft:light_gray_wool":1,"minecraft:cobblestone":88,"minecraft:snow":22,"minecraft:oak_sapling":4,"minecraft:cooked_beef":2,"minecraft:potato":18,"minecraft:pumpkin":3},"minecraft:dropped":{"minecraft:stone_axe":1,"minecraft:rotten_flesh":2,"minecraft:fletching_table":1,"minecraft:spruce_stairs":2,"minecraft:grass_block":1,"minecraft:spruce_fence":1,"minecraft:stick":1,"minecraft:dirt":6,"minecraft:oak_sapling":1,"minecraft:blue_carpet":1},"minecraft:mined":{"minecraft:white_bed":3,"minecraft:smoker":4,"minecraft:spruce_door":4,"minecraft:crafting_table":8,"minecraft:torch":2,"minecraft:short_grass":6,"minecraft:grass_block":12,"minecraft:spruce_fence":1,"minecraft:cobblestone":18,"minecraft:spruce_leaves":6,"minecraft:sugar_cane":4,"minecraft:wall_torch":8,"minecraft:spruce_stairs":2,"minecraft:raw_iron_block":2,"minecraft:magma_block":1,"minecraft:iron_ore":27,"minecraft:spruce_log":18,"minecraft:andesite":1,"minecraft:light_gray_wool":1,"minecraft:pumpkin":37,"minecraft:fletching_table":2,"minecraft:coal_ore":73,"minecraft:potatoes":18,"minecraft:pointed_dripstone":3,"minecraft:oak_log":5,"minecraft:dirt_path":5,"minecraft:gravel":2,"minecraft:dirt":43,"minecraft:dripstone_block":2,"minecraft:cracked_stone_bricks":1,"minecraft:mossy_stone_bricks":2,"minecraft:stone":110,"minecraft:player_head":1,"minecraft:oak_leaves":2,"minecraft:suspicious_gravel":1},"minecraft:custom":{"minecraft:interact_with_smithing_table":1,"minecraft:mob_kills":20,"minecraft:interact_with_crafting_table":14,"minecraft:leave_game":21,"minecraft:time_since_death":73621,"minecraft:sleep_in_bed":5,"minecraft:time_since_rest":73651,"minecraft:sprint_one_cm":113021,"minecraft:damage_taken":1832,"minecraft:walk_one_cm":360650,"minecraft:drop":11,"minecraft:damage_dealt":3639,"minecraft:swim_one_cm":17425,"minecraft:talked_to_villager":2,"minecraft:fly_one_cm":330664,"minecraft:open_chest":7,"minecraft:crouch_one_cm":8656,"minecraft:play_time":312410,"minecraft:deaths":2,"minecraft:sneak_time":6135,"minecraft:walk_under_water_one_cm":16822,"minecraft:boat_one_cm":129905,"minecraft:jump":1760,"minecraft:walk_on_water_one_cm":6353,"minecraft:interact_with_smoker":18,"minecraft:total_world_time":312410,"minecraft:fall_one_cm":47980},"minecraft:broken":{"minecraft:stone_pickaxe":1}},"DataVersion":3955}