{"stats":{"minecraft:custom":{"minecraft:time_since_rest":6447,"minecraft:sprint_one_cm":12562,"minecraft:damage_taken":155,"minecraft:walk_one_cm":23723,"minecraft:mob_kills":2,"minecraft:damage_dealt":230,"minecraft:interact_with_crafting_table":4,"minecraft:fly_one_cm":36967,"minecraft:crouch_one_cm":2287,"minecraft:play_time":23529,"minecraft:sneak_time":1083,"minecraft:boat_one_cm":6085,"minecraft:jump":141,"minecraft:leave_game":2,"minecraft:time_since_death":23529,"minecraft:sleep_in_bed":1,"minecraft:total_world_time":23529,"minecraft:fall_one_cm":2740},"minecraft:used":{"minecraft:spruce_boat":1,"minecraft:wooden_axe":20,"minecraft:stone_pickaxe":62,"minecraft:wooden_pickaxe":12,"minecraft:stone_axe":4,"minecraft:cobblestone":22,"minecraft:crafting_table":3},"minecraft:crafted":{"minecraft:spruce_trapdoor":2,"minecraft:crafting_table":1,"minecraft:spruce_planks":72,"minecraft:stick":8,"minecraft:wooden_pickaxe":1,"minecraft:stone_pickaxe":1,"minecraft:wooden_axe":1,"minecraft:furnace":1,"minecraft:spruce_boat":1,"minecraft:torch":8,"minecraft:stone_axe":1},"minecraft:picked_up":{"minecraft:stick":2,"minecraft:crafting_table":3,"minecraft:spruce_log":18,"minecraft:spruce_boat":1,"minecraft:coal":23,"minecraft:cobblestone":51},"minecraft:killed":{"minecraft:skeleton":1,"minecraft:rabbit":1},"minecraft:mined":{"minecraft:spruce_log":18,"minecraft:crafting_table":3,"minecraft:coal_ore":23,"minecraft:cobblestone":1,"minecraft:spruce_leaves":6,"minecraft:stone":50}},"DataVersion":3955}