{"stats":{"minecraft:killed_by":{"minecraft:zombie":1},"minecraft:crafted":{"minecraft:oak_planks":80,"minecraft:cooked_porkchop":2,"minecraft:crafting_table":1,"minecraft:wooden_pickaxe":1,"minecraft:furnace":2,"minecraft:stone_axe":2,"minecraft:air":0,"minecraft:stick":16,"minecraft:stone_pickaxe":2,"minecraft:wooden_axe":1,"minecraft:smoker":1},"minecraft:broken":{"minecraft:stone_pickaxe":1,"minecraft:stone_axe":1,"minecraft:wooden_axe":1},"minecraft:picked_up":{"minecraft:wooden_axe":1,"minecraft:crafting_table":5,"minecraft:smoker":1,"minecraft:oak_log":103,"minecraft:gunpowder":4,"minecraft:dirt":3,"minecraft:bone":2,"minecraft:apple":2,"minecraft:bow":1,"minecraft:cobbled_deepslate":2,"minecraft:iron_nugget":15,"minecraft:sugar_cane":16,"minecraft:oak_planks":23,"minecraft:furnace":1,"minecraft:raw_iron":12,"minecraft:stick":3,"minecraft:smooth_basalt":2,"minecraft:fire_charge":2,"minecraft:porkchop":2,"minecraft:sand":3,"minecraft:golden_axe":1,"minecraft:diorite":5,"minecraft:arrow":2,"minecraft:rotten_flesh":3,"minecraft:oak_sapling":5,"minecraft:coal":85,"minecraft:cobblestone":77},"minecraft:used":{"minecraft:stone_pickaxe":180,"minecraft:oak_planks":26,"minecraft:wooden_pickaxe":7,"minecraft:dirt":3,"minecraft:sand":3,"minecraft:crafting_table":4,"minecraft:smoker":1,"minecraft:wooden_axe":50,"minecraft:apple":2,"minecraft:stone_axe":129,"minecraft:cobblestone":2,"minecraft:furnace":1,"minecraft:cooked_porkchop":1,"minecraft:cobbled_deepslate":2},"minecraft:dropped":{"minecraft:iron_nugget":15,"minecraft:crafting_table":1,"minecraft:golden_axe":1,"minecraft:stick":3,"minecraft:gunpowder":1,"minecraft:wooden_axe":1,"minecraft:oak_sapling":4,"minecraft:fire_charge":2,"minecraft:arrow":2,"minecraft:bow":1,"minecraft:bone":2},"minecraft:mined":{"minecraft:smoker":1,"minecraft:crafting_table":4,"minecraft:grass_block":1,"minecraft:calcite":5,"minecraft:cobblestone":1,"minecraft:sugar_cane":5,"minecraft:oak_planks":23,"minecraft:diorite":5,"minecraft:furnace":1,"minecraft:iron_ore":13,"minecraft:birch_leaves":2,"minecraft:oak_log":104,"minecraft:coal_ore":75,"minecraft:sand":3,"minecraft:dirt":2,"minecraft:smooth_basalt":7,"minecraft:stone":76,"minecraft:oak_leaves":81,"minecraft:deepslate":2},"minecraft:custom":{"minecraft:interact_with_furnace":1,"minecraft:mob_kills":12,"minecraft:interact_with_crafting_table":6,"minecraft:leave_game":8,"minecraft:time_since_death":62849,"minecraft:time_since_rest":62879,"minecraft:sprint_one_cm":75008,"minecraft:damage_taken":797,"minecraft:walk_one_cm":85672,"minecraft:drop":13,"minecraft:damage_dealt":2353,"minecraft:fly_one_cm":181351,"minecraft:open_chest":3,"minecraft:crouch_one_cm":24846,"minecraft:play_time":132587,"minecraft:deaths":3,"minecraft:sneak_time":8693,"minecraft:jump":663,"minecraft:walk_on_water_one_cm":211,"minecraft:interact_with_smoker":3,"minecraft:total_world_time":132587,"minecraft:fall_one_cm":20502},"minecraft:killed":{"minecraft:pig":1,"minecraft:creeper":3,"minecraft:skeleton":1,"minecraft:zombie":5,"minecraft:turtle":2}},"DataVersion":3839}