{"stats":{"minecraft:killed_by":{"minecraft:zombie":1},"minecraft:crafted":{"minecraft:oak_planks":16},"minecraft:picked_up":{"minecraft:wooden_axe":1,"minecraft:stick":3,"minecraft:arrow":2,"minecraft:crafting_table":1,"minecraft:bone":2,"minecraft:bow":1,"minecraft:fire_charge":2,"minecraft:golden_axe":1,"minecraft:oak_log":4,"minecraft:iron_nugget":15,"minecraft:oak_sapling":1},"minecraft:dropped":{"minecraft:arrow":2,"minecraft:bow":1,"minecraft:iron_nugget":15,"minecraft:wooden_axe":1,"minecraft:crafting_table":1,"minecraft:bone":2,"minecraft:oak_sapling":1,"minecraft:stick":3,"minecraft:fire_charge":2,"minecraft:golden_axe":1},"minecraft:mined":{"minecraft:oak_log":4,"minecraft:oak_leaves":7},"minecraft:custom":{"minecraft:time_since_rest":9349,"minecraft:open_chest":3,"minecraft:walk_one_cm":13297,"minecraft:play_time":13718,"minecraft:sprint_one_cm":15882,"minecraft:damage_taken":440,"minecraft:deaths":1,"minecraft:sneak_time":9,"minecraft:mob_kills":1,"minecraft:drop":10,"minecraft:jump":147,"minecraft:damage_dealt":275,"minecraft:leave_game":1,"minecraft:time_since_death":9305,"minecraft:total_world_time":13718,"minecraft:fall_one_cm":5491,"minecraft:fly_one_cm":28520},"minecraft:killed":{"minecraft:zombie":1}},"DataVersion":3839}