{"stats":{"minecraft:killed_by":{"minecraft:zombie":1},"minecraft:crafted":{"minecraft:oak_planks":80,"minecraft:crafting_table":1,"minecraft:stick":8,"minecraft:wooden_pickaxe":1,"minecraft:stone_pickaxe":1,"minecraft:wooden_axe":1,"minecraft:stone_axe":1},"minecraft:picked_up":{"minecraft:wooden_axe":1,"minecraft:stick":3,"minecraft:crafting_table":3,"minecraft:smooth_basalt":2,"minecraft:fire_charge":2,"minecraft:sand":3,"minecraft:golden_axe":1,"minecraft:oak_log":84,"minecraft:bone":2,"minecraft:arrow":2,"minecraft:rotten_flesh":1,"minecraft:apple":2,"minecraft:bow":1,"minecraft:cobbled_deepslate":2,"minecraft:iron_nugget":15,"minecraft:oak_sapling":4,"minecraft:sugar_cane":16,"minecraft:oak_planks":3,"minecraft:cobblestone":6},"minecraft:dropped":{"minecraft:iron_nugget":15,"minecraft:crafting_table":1,"minecraft:wooden_axe":1,"minecraft:oak_sapling":4,"minecraft:golden_axe":1,"minecraft:fire_charge":2,"minecraft:arrow":2,"minecraft:bow":1,"minecraft:bone":2,"minecraft:stick":3},"minecraft:used":{"minecraft:wooden_axe":40,"minecraft:apple":1,"minecraft:stone_pickaxe":14,"minecraft:wooden_pickaxe":7,"minecraft:stone_axe":74,"minecraft:sand":3,"minecraft:crafting_table":2,"minecraft:cobbled_deepslate":2},"minecraft:mined":{"minecraft:birch_leaves":2,"minecraft:crafting_table":2,"minecraft:calcite":5,"minecraft:oak_log":84,"minecraft:sand":3,"minecraft:smooth_basalt":7,"minecraft:stone":6,"minecraft:sugar_cane":5,"minecraft:oak_planks":3,"minecraft:oak_leaves":72,"minecraft:deepslate":2},"minecraft:custom":{"minecraft:time_since_rest":5178,"minecraft:sprint_one_cm":59804,"minecraft:damage_taken":710,"minecraft:walk_one_cm":46293,"minecraft:mob_kills":7,"minecraft:drop":12,"minecraft:damage_dealt":1566,"minecraft:interact_with_crafting_table":3,"minecraft:fly_one_cm":145325,"minecraft:open_chest":3,"minecraft:crouch_one_cm":8436,"minecraft:play_time":74886,"minecraft:deaths":3,"minecraft:sneak_time":3726,"minecraft:jump":489,"minecraft:leave_game":2,"minecraft:walk_on_water_one_cm":80,"minecraft:time_since_death":5148,"minecraft:total_world_time":74886,"minecraft:fall_one_cm":14522},"minecraft:killed":{"minecraft:skeleton":1,"minecraft:zombie":4,"minecraft:turtle":2}},"DataVersion":3839}