{"stats":{"minecraft:picked_up":{"minecraft:crafting_table":4,"minecraft:stick":2,"minecraft:raw_iron":1,"minecraft:torch":1,"minecraft:smoker":2,"minecraft:potato":9,"minecraft:spruce_log":24,"minecraft:spruce_boat":1,"minecraft:coal":43,"minecraft:cobblestone":53},"minecraft:crafted":{"minecraft:spruce_trapdoor":2,"minecraft:crafting_table":1,"minecraft:spruce_planks":72,"minecraft:stick":8,"minecraft:wooden_pickaxe":1,"minecraft:baked_potato":4,"minecraft:stone_pickaxe":1,"minecraft:wooden_axe":1,"minecraft:furnace":1,"minecraft:spruce_boat":1,"minecraft:torch":8,"minecraft:stone_axe":1,"minecraft:air":0,"minecraft:smoker":1},"minecraft:custom":{"minecraft:time_since_rest":8880,"minecraft:interact_with_smithing_table":1,"minecraft:sprint_one_cm":30829,"minecraft:damage_taken":185,"minecraft:walk_one_cm":49755,"minecraft:mob_kills":2,"minecraft:damage_dealt":230,"minecraft:fly_one_cm":65287,"minecraft:interact_with_crafting_table":5,"minecraft:open_chest":1,"minecraft:crouch_one_cm":2737,"minecraft:play_time":38459,"minecraft:sneak_time":1273,"minecraft:boat_one_cm":6085,"minecraft:jump":285,"minecraft:leave_game":4,"minecraft:walk_on_water_one_cm":40,"minecraft:time_since_death":38459,"minecraft:sleep_in_bed":2,"minecraft:interact_with_smoker":4,"minecraft:total_world_time":38459,"minecraft:fall_one_cm":6014},"minecraft:mined":{"minecraft:iron_ore":1,"minecraft:smoker":2,"minecraft:spruce_log":18,"minecraft:crafting_table":4,"minecraft:torch":1,"minecraft:potatoes":5,"minecraft:coal_ore":23,"minecraft:cobblestone":3,"minecraft:spruce_leaves":6,"minecraft:stone":50},"minecraft:killed":{"minecraft:skeleton":1,"minecraft:rabbit":1},"minecraft:used":{"minecraft:spruce_boat":1,"minecraft:wooden_axe":20,"minecraft:stone_pickaxe":67,"minecraft:baked_potato":3,"minecraft:wooden_pickaxe":12,"minecraft:stone_axe":5,"minecraft:torch":1,"minecraft:cobblestone":24,"minecraft:crafting_table":4,"minecraft:potato":5,"minecraft:smoker":2}},"DataVersion":3955}