{"stats":{"minecraft:killed_by":{"minecraft:zombie":1},"minecraft:broken":{"minecraft:stone_pickaxe":3,"minecraft:stone_axe":4,"minecraft:wooden_axe":1},"minecraft:crafted":{"minecraft:oak_door":3,"minecraft:oak_planks":169,"minecraft:cobblestone_slab":126,"minecraft:stone_shovel":3,"minecraft:furnace":7,"minecraft:cooked_mutton":43,"minecraft:stone_pickaxe":5,"minecraft:smoker":7,"minecraft:cooked_beef":54,"minecraft:cooked_porkchop":35,"minecraft:crafting_table":6,"minecraft:wooden_pickaxe":1,"minecraft:stone_axe":5,"minecraft:air":0,"minecraft:oak_boat":3,"minecraft:stick":100,"minecraft:wooden_axe":1,"minecraft:white_bed":1,"minecraft:torch":176},"minecraft:picked_up":{"minecraft:wooden_axe":1,"minecraft:seagrass":3,"minecraft:crafting_table":11,"minecraft:lead":4,"minecraft:brown_mushroom":1,"minecraft:wooden_pickaxe":1,"minecraft:cobbled_deepslate":2,"minecraft:beef":63,"minecraft:oak_boat":4,"minecraft:cobblestone_slab":51,"minecraft:azalea":2,"minecraft:iron_nugget":15,"minecraft:light_gray_wool":1,"minecraft:melon_slice":64,"minecraft:sugar_cane":52,"minecraft:furnace":3,"minecraft:raw_iron":15,"minecraft:stick":51,"minecraft:oak_door":4,"minecraft:torch":10,"minecraft:porkchop":36,"minecraft:fire_charge":2,"minecraft:golden_axe":1,"minecraft:diorite":8,"minecraft:arrow":2,"minecraft:rotten_flesh":3,"minecraft:stone_shovel":4,"minecraft:mutton":43,"minecraft:cobblestone":213,"minecraft:white_wool":22,"minecraft:cooked_beef":3,"minecraft:andesite":23,"minecraft:leather":30,"minecraft:smoker":9,"minecraft:oak_log":320,"minecraft:gunpowder":7,"minecraft:dirt":40,"minecraft:white_banner":1,"minecraft:bone":2,"minecraft:apple":3,"minecraft:bow":1,"minecraft:stone_pickaxe":3,"minecraft:bamboo":64,"minecraft:oak_planks":24,"minecraft:smooth_basalt":2,"minecraft:pumpkin":64,"minecraft:sweet_berries":142,"minecraft:sand":145,"minecraft:white_bed":5,"minecraft:spruce_log":1,"minecraft:mossy_cobblestone":136,"minecraft:stone_axe":2,"minecraft:crossbow":1,"minecraft:granite":2,"minecraft:gray_wool":2,"minecraft:oak_sapling":12,"minecraft:black_wool":1,"minecraft:coal":616},"minecraft:used":{"minecraft:stone_shovel":80,"minecraft:shield":38,"minecraft:oak_door":5,"minecraft:torch":21,"minecraft:dirt":15,"minecraft:wooden_axe":50,"minecraft:sweet_berries":7,"minecraft:furnace":1,"minecraft:cooked_beef":16,"minecraft:cobbled_deepslate":2,"minecraft:diorite":4,"minecraft:stone_pickaxe":560,"minecraft:oak_planks":27,"minecraft:wooden_pickaxe":7,"minecraft:cobblestone_slab":11,"minecraft:white_wool":2,"minecraft:sand":17,"minecraft:crafting_table":15,"minecraft:white_bed":5,"minecraft:smoker":9,"minecraft:apple":3,"minecraft:stone_axe":553,"minecraft:cobblestone":59,"minecraft:cooked_porkchop":2,"minecraft:porkchop":1,"minecraft:andesite":21,"minecraft:oak_boat":6,"minecraft:gray_wool":2,"minecraft:experience_bottle":2},"minecraft:dropped":{"minecraft:oak_log":64,"minecraft:mossy_cobblestone":36,"minecraft:crafting_table":2,"minecraft:crossbow":1,"minecraft:golden_axe":1,"minecraft:cobblestone":5,"minecraft:granite":2,"minecraft:coal":64,"minecraft:stick":3,"minecraft:dirt":25,"minecraft:torch":1,"minecraft:wooden_axe":1,"minecraft:seagrass":3,"minecraft:fire_charge":2,"minecraft:bone":2,"minecraft:smooth_basalt":2,"minecraft:oak_door":1,"minecraft:furnace":1,"minecraft:stone_axe":1,"minecraft:sweet_berries":45,"minecraft:iron_nugget":15,"minecraft:stone_shovel":4,"minecraft:rotten_flesh":2,"minecraft:light_gray_wool":1,"minecraft:gunpowder":1,"minecraft:andesite":2,"minecraft:oak_boat":1,"minecraft:oak_sapling":4,"minecraft:bow":1,"minecraft:arrow":2,"minecraft:stone_pickaxe":2,"minecraft:beef":5,"minecraft:black_wool":1},"minecraft:custom":{"minecraft:mob_kills":109,"minecraft:interact_with_crafting_table":22,"minecraft:leave_game":10,"minecraft:time_since_death":77785,"minecraft:climb_one_cm":1575,"minecraft:sprint_one_cm":341947,"minecraft:walk_one_cm":347119,"minecraft:damage_blocked_by_shield":1430,"minecraft:drop":46,"minecraft:talked_to_villager":1,"minecraft:play_time":293287,"minecraft:deaths":4,"minecraft:sneak_time":19442,"minecraft:walk_under_water_one_cm":9744,"minecraft:boat_one_cm":413442,"minecraft:jump":2882,"minecraft:walk_on_water_one_cm":11735,"minecraft:total_world_time":293287,"minecraft:interact_with_furnace":1,"minecraft:sleep_in_bed":3,"minecraft:time_since_rest":12190,"minecraft:damage_taken":1980,"minecraft:damage_dealt":14365,"minecraft:swim_one_cm":17082,"minecraft:fly_one_cm":726819,"minecraft:open_chest":8,"minecraft:crouch_one_cm":50170,"minecraft:interact_with_smoker":49,"minecraft:fall_one_cm":80466},"minecraft:mined":{"minecraft:white_bed":5,"minecraft:mossy_cobblestone":100,"minecraft:oak_door":3,"minecraft:jungle_leaves":3,"minecraft:granite":2,"minecraft:grass_block":17,"minecraft:jungle_log":2,"minecraft:spruce_leaves":2,"minecraft:tall_seagrass":3,"minecraft:furnace":1,"minecraft:iron_ore":16,"minecraft:fire":69,"minecraft:andesite":22,"minecraft:pumpkin":64,"minecraft:vine":4,"minecraft:bamboo":8,"minecraft:stone":210,"minecraft:podzol":2,"minecraft:brown_mushroom":1,"minecraft:smoker":9,"minecraft:crafting_table":11,"minecraft:torch":3,"minecraft:short_grass":61,"minecraft:calcite":5,"minecraft:melon":19,"minecraft:cobblestone":6,"minecraft:tall_grass":2,"minecraft:oak_planks":24,"minecraft:sugar_cane":17,"minecraft:diorite":6,"minecraft:wall_torch":2,"minecraft:sweet_berry_bush":19,"minecraft:spruce_log":2,"minecraft:birch_leaves":4,"minecraft:coal_ore":177,"minecraft:oak_log":192,"minecraft:sand":85,"minecraft:dirt":10,"minecraft:smooth_basalt":7,"minecraft:oak_leaves":107,"minecraft:deepslate":2,"minecraft:fern":18},"minecraft:killed":{"minecraft:skeleton":1,"minecraft:chicken":6,"minecraft:turtle":6,"minecraft:pig":18,"minecraft:wandering_trader":1,"minecraft:creeper":3,"minecraft:sheep":32,"minecraft:trader_llama":2,"minecraft:pillager":7,"minecraft:zombie":6,"minecraft:cow":25}},"DataVersion":3839}