{"stats":{"minecraft:picked_up":{"minecraft:raw_iron":1,"minecraft:stick":2,"minecraft:crafting_table":4,"minecraft:smoker":1,"minecraft:potato":9,"minecraft:spruce_log":24,"minecraft:spruce_boat":1,"minecraft:coal":23,"minecraft:cobblestone":53},"minecraft:crafted":{"minecraft:spruce_trapdoor":2,"minecraft:crafting_table":1,"minecraft:spruce_planks":72,"minecraft:stick":8,"minecraft:wooden_pickaxe":1,"minecraft:stone_pickaxe":1,"minecraft:wooden_axe":1,"minecraft:furnace":1,"minecraft:spruce_boat":1,"minecraft:torch":8,"minecraft:stone_axe":1,"minecraft:smoker":1},"minecraft:custom":{"minecraft:interact_with_smithing_table":1,"minecraft:time_since_rest":12359,"minecraft:sprint_one_cm":26856,"minecraft:damage_taken":185,"minecraft:walk_one_cm":43058,"minecraft:mob_kills":2,"minecraft:damage_dealt":230,"minecraft:interact_with_crafting_table":5,"minecraft:fly_one_cm":62281,"minecraft:open_chest":1,"minecraft:crouch_one_cm":2737,"minecraft:play_time":29441,"minecraft:sneak_time":1260,"minecraft:boat_one_cm":6085,"minecraft:jump":264,"minecraft:walk_on_water_one_cm":40,"minecraft:leave_game":2,"minecraft:time_since_death":29441,"minecraft:sleep_in_bed":1,"minecraft:interact_with_smoker":2,"minecraft:total_world_time":29441,"minecraft:fall_one_cm":5805},"minecraft:mined":{"minecraft:iron_ore":1,"minecraft:smoker":1,"minecraft:spruce_log":18,"minecraft:crafting_table":4,"minecraft:potatoes":5,"minecraft:coal_ore":23,"minecraft:cobblestone":3,"minecraft:spruce_leaves":6,"minecraft:stone":50},"minecraft:killed":{"minecraft:skeleton":1,"minecraft:rabbit":1},"minecraft:used":{"minecraft:spruce_boat":1,"minecraft:wooden_axe":20,"minecraft:stone_pickaxe":66,"minecraft:wooden_pickaxe":12,"minecraft:stone_axe":5,"minecraft:cobblestone":24,"minecraft:crafting_table":4,"minecraft:potato":5,"minecraft:smoker":2}},"DataVersion":3955}