{"stats":{"minecraft:killed_by":{"minecraft:zombie":1},"minecraft:broken":{"minecraft:stone_pickaxe":3,"minecraft:stone_axe":2,"minecraft:wooden_axe":1},"minecraft:crafted":{"minecraft:oak_door":3,"minecraft:oak_planks":169,"minecraft:cobblestone_slab":126,"minecraft:stone_shovel":3,"minecraft:furnace":2,"minecraft:stone_pickaxe":5,"minecraft:smoker":2,"minecraft:cooked_beef":6,"minecraft:cooked_porkchop":2,"minecraft:crafting_table":2,"minecraft:wooden_pickaxe":1,"minecraft:stone_axe":4,"minecraft:air":0,"minecraft:oak_boat":2,"minecraft:stick":96,"minecraft:wooden_axe":1,"minecraft:torch":176},"minecraft:picked_up":{"minecraft:wooden_axe":1,"minecraft:seagrass":3,"minecraft:crafting_table":9,"minecraft:lead":4,"minecraft:brown_mushroom":1,"minecraft:wooden_pickaxe":1,"minecraft:cobbled_deepslate":2,"minecraft:beef":34,"minecraft:oak_boat":1,"minecraft:cobblestone_slab":51,"minecraft:azalea":2,"minecraft:iron_nugget":15,"minecraft:sugar_cane":34,"minecraft:furnace":3,"minecraft:raw_iron":15,"minecraft:stick":51,"minecraft:oak_door":4,"minecraft:torch":10,"minecraft:porkchop":15,"minecraft:fire_charge":2,"minecraft:golden_axe":1,"minecraft:diorite":8,"minecraft:arrow":2,"minecraft:rotten_flesh":3,"minecraft:stone_shovel":4,"minecraft:mutton":10,"minecraft:cobblestone":200,"minecraft:white_wool":8,"minecraft:cooked_beef":3,"minecraft:andesite":23,"minecraft:leather":12,"minecraft:smoker":2,"minecraft:oak_log":320,"minecraft:gunpowder":7,"minecraft:dirt":21,"minecraft:bone":2,"minecraft:apple":3,"minecraft:bow":1,"minecraft:stone_pickaxe":3,"minecraft:oak_planks":24,"minecraft:smooth_basalt":2,"minecraft:pumpkin":13,"minecraft:sweet_berries":142,"minecraft:sand":145,"minecraft:spruce_log":1,"minecraft:mossy_cobblestone":100,"minecraft:stone_axe":2,"minecraft:granite":2,"minecraft:oak_sapling":12,"minecraft:black_wool":1,"minecraft:coal":485},"minecraft:used":{"minecraft:stone_shovel":80,"minecraft:shield":25,"minecraft:oak_door":5,"minecraft:torch":20,"minecraft:dirt":15,"minecraft:wooden_axe":50,"minecraft:sweet_berries":7,"minecraft:furnace":1,"minecraft:cooked_beef":5,"minecraft:cobbled_deepslate":2,"minecraft:diorite":4,"minecraft:stone_pickaxe":537,"minecraft:oak_planks":27,"minecraft:wooden_pickaxe":7,"minecraft:cobblestone_slab":11,"minecraft:sand":17,"minecraft:crafting_table":11,"minecraft:smoker":2,"minecraft:apple":3,"minecraft:stone_axe":357,"minecraft:cobblestone":30,"minecraft:cooked_porkchop":2,"minecraft:porkchop":1,"minecraft:andesite":21,"minecraft:oak_boat":2},"minecraft:dropped":{"minecraft:oak_log":64,"minecraft:crafting_table":1,"minecraft:golden_axe":1,"minecraft:granite":2,"minecraft:coal":64,"minecraft:stick":3,"minecraft:dirt":6,"minecraft:torch":1,"minecraft:wooden_axe":1,"minecraft:seagrass":3,"minecraft:fire_charge":2,"minecraft:bone":2,"minecraft:smooth_basalt":2,"minecraft:oak_door":1,"minecraft:furnace":1,"minecraft:stone_axe":1,"minecraft:sweet_berries":45,"minecraft:iron_nugget":15,"minecraft:stone_shovel":1,"minecraft:rotten_flesh":2,"minecraft:gunpowder":1,"minecraft:andesite":2,"minecraft:oak_boat":1,"minecraft:oak_sapling":4,"minecraft:bow":1,"minecraft:arrow":2,"minecraft:stone_pickaxe":1,"minecraft:beef":5,"minecraft:black_wool":1},"minecraft:mined":{"minecraft:mossy_cobblestone":100,"minecraft:oak_door":3,"minecraft:granite":2,"minecraft:grass_block":14,"minecraft:spruce_leaves":2,"minecraft:furnace":1,"minecraft:iron_ore":16,"minecraft:fire":21,"minecraft:andesite":22,"minecraft:pumpkin":13,"minecraft:stone":199,"minecraft:podzol":2,"minecraft:brown_mushroom":1,"minecraft:smoker":2,"minecraft:crafting_table":8,"minecraft:torch":3,"minecraft:short_grass":7,"minecraft:calcite":5,"minecraft:cobblestone":1,"minecraft:tall_grass":2,"minecraft:oak_planks":24,"minecraft:sugar_cane":11,"minecraft:diorite":6,"minecraft:wall_torch":2,"minecraft:sweet_berry_bush":19,"minecraft:spruce_log":2,"minecraft:birch_leaves":2,"minecraft:coal_ore":177,"minecraft:oak_log":192,"minecraft:sand":83,"minecraft:dirt":5,"minecraft:smooth_basalt":7,"minecraft:oak_leaves":105,"minecraft:deepslate":2},"minecraft:custom":{"minecraft:mob_kills":55,"minecraft:interact_with_crafting_table":14,"minecraft:leave_game":10,"minecraft:time_since_death":29785,"minecraft:sprint_one_cm":166882,"minecraft:walk_one_cm":244700,"minecraft:damage_blocked_by_shield":1000,"minecraft:drop":33,"minecraft:talked_to_villager":1,"minecraft:play_time":245287,"minecraft:deaths":4,"minecraft:sneak_time":17912,"minecraft:walk_under_water_one_cm":8047,"minecraft:boat_one_cm":253901,"minecraft:jump":1500,"minecraft:walk_on_water_one_cm":8854,"minecraft:total_world_time":245287,"minecraft:interact_with_furnace":1,"minecraft:time_since_rest":29842,"minecraft:damage_taken":1627,"minecraft:damage_dealt":9548,"minecraft:swim_one_cm":10790,"minecraft:fly_one_cm":395609,"minecraft:open_chest":3,"minecraft:crouch_one_cm":48331,"minecraft:interact_with_smoker":7,"minecraft:fall_one_cm":39419},"minecraft:killed":{"minecraft:skeleton":1,"minecraft:turtle":6,"minecraft:pig":7,"minecraft:wandering_trader":1,"minecraft:creeper":3,"minecraft:sheep":10,"minecraft:trader_llama":2,"minecraft:pillager":7,"minecraft:zombie":6,"minecraft:cow":10}},"DataVersion":3839}