{"stats":{"minecraft:used":{"minecraft:stone_shovel":80,"minecraft:shield":38,"minecraft:oak_door":5,"minecraft:torch":29,"minecraft:dirt":15,"minecraft:wooden_axe":50,"minecraft:sweet_berries":7,"minecraft:furnace":1,"minecraft:cooked_beef":22,"minecraft:cobbled_deepslate":2,"minecraft:cooked_mutton":3,"minecraft:diorite":4,"minecraft:stone_pickaxe":560,"minecraft:oak_planks":27,"minecraft:wooden_pickaxe":7,"minecraft:cobblestone_slab":11,"minecraft:white_wool":2,"minecraft:sand":17,"minecraft:crafting_table":15,"minecraft:white_bed":11,"minecraft:smoker":9,"minecraft:apple":3,"minecraft:stone_axe":586,"minecraft:cobblestone":59,"minecraft:porkchop":1,"minecraft:cooked_porkchop":2,"minecraft:andesite":21,"minecraft:oak_boat":15,"minecraft:gray_wool":2,"minecraft:experience_bottle":3},"minecraft:mined":{"minecraft:spruce_planks":1,"minecraft:white_bed":11,"minecraft:mossy_cobblestone":100,"minecraft:oak_door":3,"minecraft:jungle_leaves":3,"minecraft:granite":2,"minecraft:grass_block":18,"minecraft:jungle_planks":1,"minecraft:jungle_log":2,"minecraft:spruce_leaves":3,"minecraft:tall_seagrass":3,"minecraft:furnace":1,"minecraft:iron_ore":16,"minecraft:fire":69,"minecraft:andesite":22,"minecraft:pumpkin":64,"minecraft:vine":4,"minecraft:packed_ice":5,"minecraft:bamboo":8,"minecraft:stone":210,"minecraft:podzol":2,"minecraft:brown_mushroom":1,"minecraft:smoker":9,"minecraft:crafting_table":11,"minecraft:torch":3,"minecraft:jungle_stairs":1,"minecraft:short_grass":67,"minecraft:calcite":5,"minecraft:melon":19,"minecraft:tall_grass":2,"minecraft:cobblestone":6,"minecraft:sugar_cane":37,"minecraft:oak_planks":24,"minecraft:diorite":6,"minecraft:wall_torch":2,"minecraft:sweet_berry_bush":19,"minecraft:ice":5,"minecraft:spruce_log":3,"minecraft:birch_leaves":4,"minecraft:oak_log":192,"minecraft:coal_ore":177,"minecraft:sand":85,"minecraft:dirt":10,"minecraft:smooth_basalt":7,"minecraft:oak_leaves":108,"minecraft:deepslate":2,"minecraft:fern":18},"minecraft:broken":{"minecraft:stone_pickaxe":3,"minecraft:stone_axe":4,"minecraft:wooden_axe":1},"minecraft:killed_by":{"minecraft:zombie":1},"minecraft:picked_up":{"minecraft:wooden_axe":1,"minecraft:seagrass":3,"minecraft:crafting_table":11,"minecraft:brown_mushroom":1,"minecraft:lead":4,"minecraft:wooden_pickaxe":1,"minecraft:cobbled_deepslate":2,"minecraft:beef":63,"minecraft:oak_boat":13,"minecraft:cobblestone_slab":51,"minecraft:azalea":2,"minecraft:iron_nugget":15,"minecraft:light_gray_wool":1,"minecraft:melon_slice":64,"minecraft:sugar_cane":100,"minecraft:furnace":3,"minecraft:stick":51,"minecraft:raw_iron":15,"minecraft:oak_door":4,"minecraft:torch":10,"minecraft:fire_charge":2,"minecraft:porkchop":36,"minecraft:golden_axe":1,"minecraft:diorite":8,"minecraft:arrow":2,"minecraft:rotten_flesh":3,"minecraft:stone_shovel":4,"minecraft:mutton":43,"minecraft:cobblestone":213,"minecraft:white_wool":24,"minecraft:cooked_beef":3,"minecraft:andesite":23,"minecraft:leather":32,"minecraft:smoker":9,"minecraft:oak_log":320,"minecraft:gunpowder":7,"minecraft:dirt":40,"minecraft:white_banner":1,"minecraft:bone":2,"minecraft:apple":3,"minecraft:kelp":8,"minecraft:bow":1,"minecraft:stone_pickaxe":3,"minecraft:bamboo":64,"minecraft:oak_planks":24,"minecraft:smooth_basalt":2,"minecraft:pumpkin":64,"minecraft:sweet_berries":142,"minecraft:sand":145,"minecraft:white_bed":11,"minecraft:spruce_log":1,"minecraft:mossy_cobblestone":136,"minecraft:stone_axe":2,"minecraft:granite":2,"minecraft:crossbow":1,"minecraft:gray_wool":2,"minecraft:oak_sapling":12,"minecraft:black_wool":1,"minecraft:coal":616},"minecraft:crafted":{"minecraft:oak_door":3,"minecraft:oak_planks":169,"minecraft:stone_shovel":3,"minecraft:cobblestone_slab":126,"minecraft:furnace":7,"minecraft:cooked_mutton":43,"minecraft:stone_pickaxe":5,"minecraft:smoker":7,"minecraft:cooked_beef":54,"minecraft:cooked_porkchop":35,"minecraft:crafting_table":6,"minecraft:wooden_pickaxe":1,"minecraft:stone_axe":5,"minecraft:air":0,"minecraft:oak_boat":3,"minecraft:stick":100,"minecraft:wooden_axe":1,"minecraft:white_bed":1,"minecraft:torch":176},"minecraft:custom":{"minecraft:mob_kills":123,"minecraft:interact_with_crafting_table":22,"minecraft:leave_game":12,"minecraft:time_since_death":148412,"minecraft:climb_one_cm":1575,"minecraft:sprint_one_cm":510838,"minecraft:walk_one_cm":414941,"minecraft:damage_blocked_by_shield":1430,"minecraft:drop":49,"minecraft:talked_to_villager":1,"minecraft:play_time":363914,"minecraft:sneak_time":20859,"minecraft:deaths":4,"minecraft:walk_under_water_one_cm":18904,"minecraft:boat_one_cm":1037173,"minecraft:jump":4357,"minecraft:walk_on_water_one_cm":17202,"minecraft:total_world_time":363914,"minecraft:interact_with_furnace":1,"minecraft:sleep_in_bed":8,"minecraft:time_since_rest":10767,"minecraft:damage_taken":2249,"minecraft:damage_dealt":15495,"minecraft:swim_one_cm":29482,"minecraft:fly_one_cm":1142536,"minecraft:open_chest":11,"minecraft:crouch_one_cm":53931,"minecraft:interact_with_smoker":49,"minecraft:fall_one_cm":118383},"minecraft:killed":{"minecraft:skeleton":2,"minecraft:chicken":12,"minecraft:turtle":6,"minecraft:pig":20,"minecraft:wandering_trader":1,"minecraft:creeper":3,"minecraft:sheep":35,"minecraft:trader_llama":2,"minecraft:pillager":7,"minecraft:zombie":6,"minecraft:cow":27},"minecraft:dropped":{"minecraft:oak_log":64,"minecraft:mossy_cobblestone":36,"minecraft:crafting_table":2,"minecraft:crossbow":1,"minecraft:golden_axe":1,"minecraft:cobblestone":5,"minecraft:granite":2,"minecraft:coal":64,"minecraft:stick":3,"minecraft:dirt":25,"minecraft:torch":1,"minecraft:wooden_axe":1,"minecraft:seagrass":3,"minecraft:fire_charge":2,"minecraft:smooth_basalt":2,"minecraft:bone":2,"minecraft:oak_door":1,"minecraft:furnace":1,"minecraft:stone_axe":1,"minecraft:kelp":8,"minecraft:sweet_berries":45,"minecraft:sugar_cane":5,"minecraft:iron_nugget":15,"minecraft:stone_shovel":4,"minecraft:rotten_flesh":2,"minecraft:light_gray_wool":1,"minecraft:oak_planks":38,"minecraft:gunpowder":1,"minecraft:andesite":2,"minecraft:oak_boat":1,"minecraft:oak_sapling":4,"minecraft:bow":1,"minecraft:arrow":2,"minecraft:beef":5,"minecraft:stone_pickaxe":2,"minecraft:black_wool":1}},"DataVersion":3839}