{"stats":{"minecraft:killed_by":{"minecraft:zombie":1,"minecraft:iron_golem":1},"minecraft:killed":{"minecraft:spider":6,"minecraft:skeleton":15,"minecraft:chicken":12,"minecraft:turtle":6,"minecraft:pig":28,"minecraft:zombie_villager":1,"minecraft:iron_golem":11,"minecraft:creeper":4,"minecraft:sheep":35,"minecraft:trader_llama":2,"minecraft:pillager":7,"minecraft:zombie":24,"minecraft:cow":27,"minecraft:wandering_trader":1,"minecraft:enderman":2},"minecraft:picked_up":{"minecraft:wooden_axe":1,"minecraft:seagrass":3,"minecraft:lead":4,"minecraft:wither_rose":2,"minecraft:polished_deepslate_wall":1,"minecraft:dark_oak_trapdoor":1,"minecraft:string":8,"minecraft:oak_sign":13,"minecraft:cobbled_deepslate":3,"minecraft:bucket":6,"minecraft:spruce_planks":132,"minecraft:cobblestone_slab":51,"minecraft:azalea":8,"minecraft:iron_pickaxe":1,"minecraft:melon_slice":192,"minecraft:furnace":12,"minecraft:dark_oak_door":1,"minecraft:spruce_pressure_plate":1,"minecraft:stick":89,"minecraft:oak_fence":1,"minecraft:torch":235,"minecraft:spruce_stairs":4,"minecraft:porkchop":60,"minecraft:golden_axe":1,"minecraft:pointed_dripstone":122,"minecraft:diorite":12,"minecraft:cauldron":6,"minecraft:rotten_flesh":36,"minecraft:cobblestone":695,"minecraft:cooked_beef":69,"minecraft:cherry_leaves":1,"minecraft:water_bucket":2,"minecraft:andesite":49,"minecraft:smoker":21,"minecraft:flint":1,"minecraft:lapis_lazuli":72,"minecraft:dirt":1034,"minecraft:polished_granite":1,"minecraft:bone":26,"minecraft:glass":75,"minecraft:bow":1,"minecraft:wheat_seeds":4,"minecraft:deepslate_brick_slab":1,"minecraft:bamboo":192,"minecraft:moss_block":12,"minecraft:oak_planks":283,"minecraft:cooked_porkchop":87,"minecraft:black_stained_glass_pane":1,"minecraft:sand":337,"minecraft:stripped_spruce_log":773,"minecraft:grass_block":1,"minecraft:mossy_cobblestone":399,"minecraft:polished_andesite":1,"minecraft:crossbow":1,"minecraft:granite":7,"minecraft:spruce_sign":3,"minecraft:oak_sapling":12,"minecraft:crafting_table":18,"minecraft:ladder":124,"minecraft:brown_mushroom":5,"minecraft:wooden_pickaxe":1,"minecraft:shield":3,"minecraft:iron_axe":17,"minecraft:flint_and_steel":7,"minecraft:iron_shovel":6,"minecraft:beef":63,"minecraft:oak_boat":19,"minecraft:spruce_slab":27,"minecraft:iron_nugget":15,"minecraft:poppy":24,"minecraft:light_gray_wool":1,"minecraft:sugar_cane":228,"minecraft:chest":8,"minecraft:spruce_trapdoor":132,"minecraft:raw_iron":72,"minecraft:oak_door":4,"minecraft:spruce_fence":6,"minecraft:fire_charge":2,"minecraft:stone_shovel":6,"minecraft:arrow":29,"minecraft:mutton":43,"minecraft:white_wool":63,"minecraft:leather":90,"minecraft:filled_map":2,"minecraft:torchflower":1,"minecraft:crimson_fungus":2,"minecraft:oak_log":913,"minecraft:golden_boots":2,"minecraft:gunpowder":8,"minecraft:cobblestone_stairs":1,"minecraft:deepslate_tile_slab":1,"minecraft:blue_bed":1,"minecraft:white_banner":3,"minecraft:cooked_mutton":68,"minecraft:apple":3,"minecraft:stone_bricks":1,"minecraft:kelp":8,"minecraft:iron_ingot":7,"minecraft:stone_pickaxe":6,"minecraft:dark_oak_stairs":1,"minecraft:oak_slab":49,"minecraft:smooth_basalt":2,"minecraft:warped_fungus":1,"minecraft:pumpkin":192,"minecraft:sweet_berries":242,"minecraft:dandelion":8,"minecraft:dripstone_block":23,"minecraft:gravel":14,"minecraft:lava_bucket":1,"minecraft:blast_furnace":4,"minecraft:spruce_sapling":48,"minecraft:white_bed":14,"minecraft:spruce_log":726,"minecraft:leather_helmet":2,"minecraft:purple_bed":3,"minecraft:campfire":1,"minecraft:stone_axe":4,"minecraft:gray_wool":2,"minecraft:black_wool":1,"minecraft:coal":961,"minecraft:hopper":1,"minecraft:ender_pearl":3},"minecraft:dropped":{"minecraft:dark_oak_stairs":1,"minecraft:warped_fungus":1,"minecraft:oak_log":64,"minecraft:crafting_table":2,"minecraft:cooked_porkchop":27,"minecraft:crossbow":1,"minecraft:dirt":32,"minecraft:seagrass":3,"minecraft:sand":64,"minecraft:white_wool":1,"minecraft:bone":2,"minecraft:oak_door":1,"minecraft:crimson_fungus":1,"minecraft:stone_axe":1,"minecraft:sugar_cane":5,"minecraft:iron_nugget":15,"minecraft:rotten_flesh":12,"minecraft:oak_planks":46,"minecraft:white_bed":1,"minecraft:poppy":2,"minecraft:gunpowder":1,"minecraft:chest":1,"minecraft:arrow":2,"minecraft:beef":5,"minecraft:torchflower":1,"minecraft:wheat_seeds":1,"minecraft:mossy_cobblestone":100,"minecraft:cobblestone":5,"minecraft:golden_axe":1,"minecraft:granite":3,"minecraft:spruce_stairs":1,"minecraft:coal":64,"minecraft:stick":5,"minecraft:torch":1,"minecraft:wooden_axe":1,"minecraft:fire_charge":2,"minecraft:wither_rose":1,"minecraft:iron_axe":1,"minecraft:iron_shovel":1,"minecraft:spruce_sapling":8,"minecraft:smooth_basalt":2,"minecraft:furnace":1,"minecraft:anvil":1,"minecraft:kelp":8,"minecraft:sweet_berries":45,"minecraft:stone_shovel":4,"minecraft:light_gray_wool":1,"minecraft:oak_sign":1,"minecraft:spruce_planks":12,"minecraft:andesite":2,"minecraft:oak_boat":3,"minecraft:oak_sapling":4,"minecraft:spruce_log":27,"minecraft:bow":1,"minecraft:stone_pickaxe":3,"minecraft:black_wool":1},"minecraft:used":{"minecraft:iron_shovel":632,"minecraft:spruce_slab":106,"minecraft:ladder":65,"minecraft:oak_sign":67,"minecraft:chest":39,"minecraft:shield":97,"minecraft:iron_sword":45,"minecraft:zombie_spawn_egg":5,"minecraft:deepslate_brick_slab":109,"minecraft:deepslate_tile_slab":77,"minecraft:stripped_spruce_log":600,"minecraft:glass":446,"minecraft:lava_bucket":6,"minecraft:villager_spawn_egg":12,"minecraft:black_stained_glass_pane":171,"minecraft:lantern":30,"minecraft:grass_block":367,"minecraft:cherry_leaves":11,"minecraft:stone_brick_stairs":21,"minecraft:stone_bricks":158,"minecraft:sweet_berries":7,"minecraft:furnace":12,"minecraft:dark_oak_stairs":1,"minecraft:diorite":4,"minecraft:stone_pickaxe":815,"minecraft:oak_planks":607,"minecraft:wooden_pickaxe":7,"minecraft:blue_bed":1,"minecraft:white_wool":2,"minecraft:dark_oak_trapdoor":2,"minecraft:sand":17,"minecraft:blast_furnace":4,"minecraft:dripstone_block":9,"minecraft:deepslate_brick_stairs":636,"minecraft:lectern":15,"minecraft:polished_granite":13,"minecraft:gravel":2,"minecraft:andesite":21,"minecraft:chain":11,"minecraft:oak_boat":16,"minecraft:experience_bottle":3,"minecraft:oak_fence":56,"minecraft:flint_and_steel":166,"minecraft:stone_shovel":151,"minecraft:spruce_planks":629,"minecraft:tinted_glass":52,"minecraft:oak_door":8,"minecraft:torch":421,"minecraft:dirt":604,"minecraft:anvil":3,"minecraft:hopper":10,"minecraft:spruce_stairs":87,"minecraft:granite":3,"minecraft:stone_brick_slab":9,"minecraft:wooden_axe":50,"minecraft:iron_axe":1322,"minecraft:oak_stairs":235,"minecraft:polished_deepslate_wall":37,"minecraft:tadpole_bucket":2,"minecraft:cooked_beef":35,"minecraft:cobbled_deepslate":3,"minecraft:cooked_mutton":11,"minecraft:water_bucket":75,"minecraft:cobblestone_stairs":161,"minecraft:dirt_path":134,"minecraft:polished_andesite":88,"minecraft:cauldron":4,"minecraft:spruce_sign":2,"minecraft:cobblestone_slab":33,"minecraft:oak_slab":549,"minecraft:crafting_table":24,"minecraft:white_bed":15,"minecraft:campfire":50,"minecraft:spruce_log":566,"minecraft:smoker":11,"minecraft:dark_oak_door":20,"minecraft:oak_log":514,"minecraft:flower_pot":11,"minecraft:apple":3,"minecraft:iron_pickaxe":360,"minecraft:spruce_trapdoor":140,"minecraft:stone_axe":709,"minecraft:purple_bed":14,"minecraft:cobblestone":965,"minecraft:azalea_leaves":1,"minecraft:porkchop":1,"minecraft:cooked_porkchop":12,"minecraft:bucket":74,"minecraft:gray_wool":2},"minecraft:mined":{"minecraft:spruce_planks":7,"minecraft:white_bed":14,"minecraft:jungle_leaves":3,"minecraft:spruce_trapdoor":65,"minecraft:granite":6,"minecraft:grass_block":428,"minecraft:jungle_log":2,"minecraft:hopper":1,"minecraft:oak_wall_sign":5,"minecraft:tall_seagrass":3,"minecraft:iron_ore":64,"minecraft:fire":98,"minecraft:pumpkin":64,"minecraft:pointed_dripstone":39,"minecraft:water_cauldron":2,"minecraft:dirt_path":16,"minecraft:azalea":1,"minecraft:brown_mushroom":2,"minecraft:smoker":9,"minecraft:torch":15,"minecraft:jungle_stairs":1,"minecraft:blast_furnace":4,"minecraft:calcite":5,"minecraft:poppy":9,"minecraft:melon":19,"minecraft:chest":8,"minecraft:glass":1,"minecraft:cobblestone":141,"minecraft:sugar_cane":37,"minecraft:oak_planks":86,"minecraft:wall_torch":4,"minecraft:spruce_sign":2,"minecraft:cauldron":2,"minecraft:oak_log":244,"minecraft:sand":85,"minecraft:dirt":298,"minecraft:smooth_basalt":7,"minecraft:oak_leaves":108,"minecraft:deepslate":3,"minecraft:mossy_cobblestone":100,"minecraft:oak_door":3,"minecraft:ladder":26,"minecraft:spruce_fence":3,"minecraft:jungle_planks":1,"minecraft:spruce_leaves":229,"minecraft:moss_block":4,"minecraft:furnace":6,"minecraft:andesite":35,"minecraft:stripped_spruce_log":6,"minecraft:deepslate_iron_ore":9,"minecraft:vine":4,"minecraft:packed_ice":5,"minecraft:bamboo":8,"minecraft:stone":363,"minecraft:podzol":2,"minecraft:oak_slab":6,"minecraft:dandelion":4,"minecraft:crafting_table":17,"minecraft:short_grass":67,"minecraft:tall_grass":4,"minecraft:lapis_ore":5,"minecraft:diorite":10,"minecraft:blue_bed":1,"minecraft:spruce_stairs":1,"minecraft:purple_bed":3,"minecraft:sweet_berry_bush":19,"minecraft:ice":6,"minecraft:spruce_log":330,"minecraft:birch_leaves":4,"minecraft:coal_ore":343,"minecraft:gravel":4,"minecraft:dripstone_block":16,"minecraft:fern":19},"minecraft:custom":{"minecraft:interact_with_crafting_table":64,"minecraft:open_barrel":2,"minecraft:leave_game":17,"minecraft:time_since_death":264815,"minecraft:sprint_one_cm":898287,"minecraft:damage_blocked_by_shield":3548,"minecraft:drop":86,"minecraft:talked_to_villager":4,"minecraft:play_time":903006,"minecraft:deaths":9,"minecraft:jump":8090,"minecraft:walk_on_water_one_cm":65318,"minecraft:interact_with_furnace":52,"minecraft:sleep_in_bed":33,"minecraft:damage_dealt":35891,"minecraft:crouch_one_cm":188232,"minecraft:interact_with_smoker":49,"minecraft:use_cauldron":1,"minecraft:mob_kills":185,"minecraft:interact_with_anvil":4,"minecraft:inspect_hopper":7,"minecraft:fill_cauldron":3,"minecraft:climb_one_cm":47447,"minecraft:walk_one_cm":1576552,"minecraft:sneak_time":65314,"minecraft:walk_under_water_one_cm":28903,"minecraft:boat_one_cm":1087163,"minecraft:interact_with_blast_furnace":10,"minecraft:total_world_time":903006,"minecraft:pot_flower":11,"minecraft:time_since_rest":27979,"minecraft:damage_taken":5669,"minecraft:swim_one_cm":31008,"minecraft:fly_one_cm":2070464,"minecraft:open_chest":198,"minecraft:fall_one_cm":218955},"minecraft:broken":{"minecraft:iron_shovel":2,"minecraft:stone_pickaxe":5,"minecraft:stone_axe":6,"minecraft:wooden_axe":1,"minecraft:flint_and_steel":2,"minecraft:shield":1,"minecraft:iron_axe":2},"minecraft:crafted":{"minecraft:oak_planks":1097,"minecraft:cobblestone_slab":126,"minecraft:oak_sign":9,"minecraft:spruce_pressure_plate":1,"minecraft:cooked_mutton":43,"minecraft:glass":127,"minecraft:hopper":9,"minecraft:iron_boots":2,"minecraft:chest":21,"minecraft:smoker":7,"minecraft:oak_slab":204,"minecraft:cooked_porkchop":35,"minecraft:crafting_table":9,"minecraft:spruce_planks":264,"minecraft:wooden_pickaxe":1,"minecraft:iron_helmet":2,"minecraft:iron_chestplate":2,"minecraft:shield":2,"minecraft:stick":268,"minecraft:iron_ingot":57,"minecraft:iron_pickaxe":2,"minecraft:oak_door":3,"minecraft:stone_shovel":4,"minecraft:furnace":11,"minecraft:flint_and_steel":4,"minecraft:iron_axe":10,"minecraft:ladder":48,"minecraft:spruce_slab":36,"minecraft:stone_pickaxe":6,"minecraft:cooked_beef":54,"minecraft:spruce_sign":3,"minecraft:iron_sword":1,"minecraft:bucket":2,"minecraft:stone_axe":7,"minecraft:air":0,"minecraft:oak_boat":3,"minecraft:wooden_axe":1,"minecraft:iron_shovel":4,"minecraft:iron_leggings":2,"minecraft:white_bed":1,"minecraft:torch":348}},"DataVersion":3839}