{"stats":{"minecraft:used":{"minecraft:iron_shovel":500,"minecraft:flint_and_steel":110,"minecraft:stone_shovel":151,"minecraft:spruce_planks":5,"minecraft:chest":6,"minecraft:shield":81,"minecraft:oak_door":5,"minecraft:torch":304,"minecraft:dirt":436,"minecraft:granite":3,"minecraft:wooden_axe":50,"minecraft:iron_axe":225,"minecraft:sweet_berries":7,"minecraft:furnace":6,"minecraft:cooked_beef":29,"minecraft:cobbled_deepslate":3,"minecraft:cooked_mutton":10,"minecraft:water_bucket":2,"minecraft:diorite":4,"minecraft:stone_pickaxe":815,"minecraft:oak_planks":27,"minecraft:wooden_pickaxe":7,"minecraft:spruce_sign":2,"minecraft:cobblestone_slab":11,"minecraft:white_wool":2,"minecraft:sand":17,"minecraft:crafting_table":20,"minecraft:white_bed":14,"minecraft:dripstone_block":9,"minecraft:spruce_log":76,"minecraft:smoker":9,"minecraft:oak_log":8,"minecraft:apple":3,"minecraft:iron_pickaxe":114,"minecraft:spruce_trapdoor":9,"minecraft:gravel":2,"minecraft:stone_axe":709,"minecraft:purple_bed":1,"minecraft:cobblestone":109,"minecraft:porkchop":1,"minecraft:cooked_porkchop":2,"minecraft:bucket":4,"minecraft:andesite":21,"minecraft:oak_boat":16,"minecraft:gray_wool":2,"minecraft:experience_bottle":3},"minecraft:mined":{"minecraft:spruce_planks":6,"minecraft:white_bed":14,"minecraft:mossy_cobblestone":100,"minecraft:oak_door":3,"minecraft:jungle_leaves":3,"minecraft:spruce_trapdoor":41,"minecraft:granite":6,"minecraft:grass_block":411,"minecraft:spruce_fence":3,"minecraft:jungle_planks":1,"minecraft:jungle_log":2,"minecraft:spruce_leaves":116,"minecraft:moss_block":4,"minecraft:tall_seagrass":3,"minecraft:furnace":6,"minecraft:iron_ore":64,"minecraft:fire":91,"minecraft:andesite":35,"minecraft:pumpkin":64,"minecraft:deepslate_iron_ore":9,"minecraft:pointed_dripstone":39,"minecraft:dirt_path":16,"minecraft:vine":4,"minecraft:packed_ice":5,"minecraft:bamboo":8,"minecraft:azalea":1,"minecraft:stone":320,"minecraft:podzol":2,"minecraft:brown_mushroom":2,"minecraft:smoker":9,"minecraft:crafting_table":15,"minecraft:torch":3,"minecraft:jungle_stairs":1,"minecraft:short_grass":67,"minecraft:calcite":5,"minecraft:melon":19,"minecraft:chest":2,"minecraft:tall_grass":4,"minecraft:cobblestone":29,"minecraft:lapis_ore":5,"minecraft:sugar_cane":37,"minecraft:oak_planks":24,"minecraft:blue_bed":1,"minecraft:diorite":6,"minecraft:wall_torch":3,"minecraft:spruce_stairs":1,"minecraft:purple_bed":2,"minecraft:sweet_berry_bush":19,"minecraft:ice":5,"minecraft:spruce_log":120,"minecraft:birch_leaves":4,"minecraft:oak_log":192,"minecraft:coal_ore":265,"minecraft:dripstone_block":16,"minecraft:gravel":4,"minecraft:sand":85,"minecraft:dirt":223,"minecraft:smooth_basalt":7,"minecraft:oak_leaves":108,"minecraft:deepslate":3,"minecraft:fern":18},"minecraft:broken":{"minecraft:iron_shovel":2,"minecraft:flint_and_steel":1,"minecraft:stone_pickaxe":5,"minecraft:shield":1,"minecraft:stone_axe":6,"minecraft:wooden_axe":1},"minecraft:killed_by":{"minecraft:iron_golem":1,"minecraft:zombie":1},"minecraft:picked_up":{"minecraft:wooden_axe":1,"minecraft:seagrass":3,"minecraft:crafting_table":15,"minecraft:brown_mushroom":3,"minecraft:lead":4,"minecraft:wooden_pickaxe":1,"minecraft:shield":1,"minecraft:string":1,"minecraft:iron_axe":1,"minecraft:cobbled_deepslate":3,"minecraft:spruce_planks":39,"minecraft:beef":63,"minecraft:oak_boat":18,"minecraft:cobblestone_slab":51,"minecraft:azalea":6,"minecraft:iron_nugget":15,"minecraft:poppy":4,"minecraft:light_gray_wool":1,"minecraft:melon_slice":128,"minecraft:sugar_cane":164,"minecraft:chest":2,"minecraft:spruce_trapdoor":41,"minecraft:furnace":8,"minecraft:stick":66,"minecraft:raw_iron":72,"minecraft:oak_door":4,"minecraft:torch":151,"minecraft:spruce_stairs":1,"minecraft:spruce_fence":3,"minecraft:fire_charge":2,"minecraft:porkchop":41,"minecraft:golden_axe":1,"minecraft:pointed_dripstone":61,"minecraft:diorite":8,"minecraft:arrow":17,"minecraft:rotten_flesh":13,"minecraft:stone_shovel":5,"minecraft:mutton":43,"minecraft:cobblestone":484,"minecraft:white_wool":43,"minecraft:cooked_beef":3,"minecraft:andesite":36,"minecraft:leather":60,"minecraft:smoker":15,"minecraft:filled_map":1,"minecraft:oak_log":550,"minecraft:golden_boots":1,"minecraft:gunpowder":7,"minecraft:blue_bed":1,"minecraft:lapis_lazuli":36,"minecraft:dirt":788,"minecraft:white_banner":2,"minecraft:cooked_mutton":34,"minecraft:bone":13,"minecraft:apple":3,"minecraft:kelp":8,"minecraft:bow":1,"minecraft:wheat_seeds":2,"minecraft:iron_ingot":7,"minecraft:stone_pickaxe":6,"minecraft:bamboo":128,"minecraft:moss_block":8,"minecraft:oak_planks":32,"minecraft:smooth_basalt":2,"minecraft:cooked_porkchop":33,"minecraft:pumpkin":128,"minecraft:sweet_berries":192,"minecraft:dripstone_block":16,"minecraft:gravel":9,"minecraft:sand":335,"minecraft:spruce_sapling":11,"minecraft:white_bed":14,"minecraft:spruce_log":116,"minecraft:mossy_cobblestone":299,"minecraft:purple_bed":2,"minecraft:stone_axe":3,"minecraft:granite":6,"minecraft:crossbow":1,"minecraft:gray_wool":2,"minecraft:oak_sapling":12,"minecraft:black_wool":1,"minecraft:coal":798,"minecraft:ender_pearl":1},"minecraft:crafted":{"minecraft:oak_door":3,"minecraft:oak_sign":9,"minecraft:oak_planks":449,"minecraft:stone_shovel":4,"minecraft:cobblestone_slab":126,"minecraft:furnace":11,"minecraft:cooked_mutton":43,"minecraft:flint_and_steel":2,"minecraft:iron_axe":2,"minecraft:stone_pickaxe":6,"minecraft:chest":7,"minecraft:smoker":7,"minecraft:cooked_beef":54,"minecraft:oak_slab":204,"minecraft:cooked_porkchop":35,"minecraft:spruce_sign":3,"minecraft:crafting_table":8,"minecraft:spruce_planks":44,"minecraft:wooden_pickaxe":1,"minecraft:bucket":2,"minecraft:stone_axe":7,"minecraft:air":0,"minecraft:oak_boat":3,"minecraft:shield":1,"minecraft:stick":180,"minecraft:iron_ingot":23,"minecraft:iron_pickaxe":1,"minecraft:wooden_axe":1,"minecraft:iron_shovel":2,"minecraft:white_bed":1,"minecraft:torch":348},"minecraft:custom":{"minecraft:mob_kills":151,"minecraft:interact_with_crafting_table":43,"minecraft:open_barrel":2,"minecraft:leave_game":12,"minecraft:time_since_death":85024,"minecraft:climb_one_cm":1631,"minecraft:sprint_one_cm":709600,"minecraft:walk_one_cm":903373,"minecraft:damage_blocked_by_shield":2879,"minecraft:drop":66,"minecraft:talked_to_villager":3,"minecraft:play_time":519914,"minecraft:sneak_time":31124,"minecraft:deaths":5,"minecraft:walk_under_water_one_cm":21432,"minecraft:boat_one_cm":1087163,"minecraft:jump":6115,"minecraft:interact_with_blast_furnace":3,"minecraft:walk_on_water_one_cm":21033,"minecraft:total_world_time":519914,"minecraft:interact_with_furnace":23,"minecraft:sleep_in_bed":16,"minecraft:time_since_rest":70168,"minecraft:damage_taken":3338,"minecraft:damage_dealt":22711,"minecraft:swim_one_cm":31008,"minecraft:fly_one_cm":1365329,"minecraft:open_chest":41,"minecraft:crouch_one_cm":83988,"minecraft:interact_with_smoker":49,"minecraft:fall_one_cm":151471},"minecraft:killed":{"minecraft:spider":3,"minecraft:skeleton":11,"minecraft:chicken":12,"minecraft:turtle":6,"minecraft:pig":23,"minecraft:zombie_villager":1,"minecraft:iron_golem":2,"minecraft:wandering_trader":1,"minecraft:creeper":3,"minecraft:sheep":35,"minecraft:trader_llama":2,"minecraft:pillager":7,"minecraft:zombie":15,"minecraft:enderman":1,"minecraft:cow":27},"minecraft:dropped":{"minecraft:wheat_seeds":1,"minecraft:oak_log":64,"minecraft:mossy_cobblestone":100,"minecraft:crafting_table":2,"minecraft:crossbow":1,"minecraft:golden_axe":1,"minecraft:cobblestone":5,"minecraft:granite":2,"minecraft:coal":64,"minecraft:stick":5,"minecraft:dirt":25,"minecraft:torch":1,"minecraft:wooden_axe":1,"minecraft:seagrass":3,"minecraft:fire_charge":2,"minecraft:sand":64,"minecraft:spruce_sapling":5,"minecraft:smooth_basalt":2,"minecraft:bone":2,"minecraft:oak_door":1,"minecraft:furnace":1,"minecraft:stone_axe":1,"minecraft:kelp":8,"minecraft:sweet_berries":45,"minecraft:sugar_cane":5,"minecraft:iron_nugget":15,"minecraft:stone_shovel":4,"minecraft:rotten_flesh":2,"minecraft:light_gray_wool":1,"minecraft:oak_planks":46,"minecraft:poppy":2,"minecraft:gunpowder":1,"minecraft:spruce_planks":12,"minecraft:andesite":2,"minecraft:oak_boat":3,"minecraft:oak_sapling":4,"minecraft:spruce_log":27,"minecraft:bow":1,"minecraft:arrow":2,"minecraft:beef":5,"minecraft:stone_pickaxe":3,"minecraft:black_wool":1}},"DataVersion":3839}