{"stats":{"minecraft:used":{"minecraft:iron_shovel":444,"minecraft:flint_and_steel":110,"minecraft:stone_shovel":145,"minecraft:chest":4,"minecraft:shield":38,"minecraft:oak_door":5,"minecraft:torch":29,"minecraft:dirt":421,"minecraft:wooden_axe":50,"minecraft:iron_axe":126,"minecraft:sweet_berries":7,"minecraft:furnace":1,"minecraft:cooked_beef":24,"minecraft:cobbled_deepslate":2,"minecraft:cooked_mutton":5,"minecraft:diorite":4,"minecraft:stone_pickaxe":614,"minecraft:oak_planks":27,"minecraft:wooden_pickaxe":7,"minecraft:cobblestone_slab":11,"minecraft:white_wool":2,"minecraft:sand":17,"minecraft:crafting_table":18,"minecraft:white_bed":14,"minecraft:spruce_log":1,"minecraft:smoker":9,"minecraft:apple":3,"minecraft:stone_axe":655,"minecraft:cobblestone":80,"minecraft:porkchop":1,"minecraft:cooked_porkchop":2,"minecraft:andesite":21,"minecraft:oak_boat":16,"minecraft:gray_wool":2,"minecraft:experience_bottle":3},"minecraft:mined":{"minecraft:spruce_planks":1,"minecraft:white_bed":13,"minecraft:mossy_cobblestone":100,"minecraft:oak_door":3,"minecraft:jungle_leaves":3,"minecraft:spruce_trapdoor":41,"minecraft:granite":2,"minecraft:grass_block":344,"minecraft:spruce_fence":3,"minecraft:jungle_planks":1,"minecraft:jungle_log":2,"minecraft:spruce_leaves":89,"minecraft:tall_seagrass":3,"minecraft:furnace":1,"minecraft:iron_ore":16,"minecraft:fire":91,"minecraft:andesite":22,"minecraft:pumpkin":64,"minecraft:dirt_path":16,"minecraft:vine":4,"minecraft:packed_ice":5,"minecraft:bamboo":8,"minecraft:stone":252,"minecraft:podzol":2,"minecraft:brown_mushroom":2,"minecraft:smoker":9,"minecraft:crafting_table":13,"minecraft:torch":3,"minecraft:jungle_stairs":1,"minecraft:short_grass":67,"minecraft:calcite":5,"minecraft:melon":19,"minecraft:chest":2,"minecraft:tall_grass":2,"minecraft:cobblestone":18,"minecraft:sugar_cane":37,"minecraft:oak_planks":24,"minecraft:diorite":6,"minecraft:wall_torch":2,"minecraft:spruce_stairs":1,"minecraft:sweet_berry_bush":19,"minecraft:ice":5,"minecraft:spruce_log":73,"minecraft:birch_leaves":4,"minecraft:oak_log":192,"minecraft:coal_ore":177,"minecraft:sand":85,"minecraft:dirt":190,"minecraft:smooth_basalt":7,"minecraft:oak_leaves":108,"minecraft:deepslate":2,"minecraft:fern":18},"minecraft:broken":{"minecraft:iron_shovel":1,"minecraft:flint_and_steel":1,"minecraft:stone_pickaxe":3,"minecraft:stone_axe":5,"minecraft:wooden_axe":1},"minecraft:killed_by":{"minecraft:zombie":1},"minecraft:picked_up":{"minecraft:wooden_axe":1,"minecraft:seagrass":3,"minecraft:crafting_table":13,"minecraft:brown_mushroom":3,"minecraft:lead":4,"minecraft:wooden_pickaxe":1,"minecraft:cobbled_deepslate":2,"minecraft:spruce_planks":24,"minecraft:beef":63,"minecraft:oak_boat":18,"minecraft:cobblestone_slab":51,"minecraft:azalea":2,"minecraft:iron_nugget":15,"minecraft:poppy":4,"minecraft:light_gray_wool":1,"minecraft:melon_slice":128,"minecraft:sugar_cane":164,"minecraft:chest":2,"minecraft:spruce_trapdoor":41,"minecraft:furnace":3,"minecraft:stick":66,"minecraft:raw_iron":15,"minecraft:oak_door":4,"minecraft:torch":89,"minecraft:spruce_stairs":1,"minecraft:spruce_fence":3,"minecraft:fire_charge":2,"minecraft:porkchop":41,"minecraft:golden_axe":1,"minecraft:diorite":8,"minecraft:arrow":2,"minecraft:rotten_flesh":4,"minecraft:stone_shovel":4,"minecraft:mutton":43,"minecraft:cobblestone":330,"minecraft:white_wool":43,"minecraft:cooked_beef":3,"minecraft:andesite":23,"minecraft:leather":60,"minecraft:smoker":15,"minecraft:filled_map":1,"minecraft:oak_log":486,"minecraft:gunpowder":7,"minecraft:lapis_lazuli":10,"minecraft:dirt":561,"minecraft:white_banner":2,"minecraft:bone":2,"minecraft:apple":3,"minecraft:kelp":8,"minecraft:bow":1,"minecraft:iron_ingot":3,"minecraft:stone_pickaxe":4,"minecraft:bamboo":128,"minecraft:oak_planks":32,"minecraft:smooth_basalt":2,"minecraft:cooked_porkchop":33,"minecraft:pumpkin":128,"minecraft:sweet_berries":187,"minecraft:sand":335,"minecraft:spruce_sapling":11,"minecraft:white_bed":13,"minecraft:spruce_log":69,"minecraft:mossy_cobblestone":299,"minecraft:stone_axe":2,"minecraft:granite":2,"minecraft:crossbow":1,"minecraft:gray_wool":2,"minecraft:oak_sapling":12,"minecraft:black_wool":1,"minecraft:coal":683},"minecraft:crafted":{"minecraft:oak_door":3,"minecraft:oak_planks":193,"minecraft:stone_shovel":4,"minecraft:cobblestone_slab":126,"minecraft:furnace":7,"minecraft:cooked_mutton":43,"minecraft:flint_and_steel":2,"minecraft:iron_axe":1,"minecraft:stone_pickaxe":6,"minecraft:chest":2,"minecraft:smoker":7,"minecraft:cooked_beef":54,"minecraft:cooked_porkchop":35,"minecraft:crafting_table":7,"minecraft:spruce_planks":16,"minecraft:wooden_pickaxe":1,"minecraft:stone_axe":6,"minecraft:air":0,"minecraft:oak_boat":3,"minecraft:stick":116,"minecraft:wooden_axe":1,"minecraft:iron_shovel":2,"minecraft:white_bed":1,"minecraft:torch":176},"minecraft:custom":{"minecraft:mob_kills":128,"minecraft:interact_with_crafting_table":30,"minecraft:open_barrel":2,"minecraft:leave_game":12,"minecraft:time_since_death":196412,"minecraft:climb_one_cm":1575,"minecraft:sprint_one_cm":575796,"minecraft:walk_one_cm":632949,"minecraft:damage_blocked_by_shield":1430,"minecraft:drop":65,"minecraft:talked_to_villager":1,"minecraft:play_time":411914,"minecraft:sneak_time":24703,"minecraft:deaths":4,"minecraft:walk_under_water_one_cm":18938,"minecraft:boat_one_cm":1087163,"minecraft:jump":4914,"minecraft:walk_on_water_one_cm":18234,"minecraft:total_world_time":411914,"minecraft:interact_with_furnace":1,"minecraft:sleep_in_bed":12,"minecraft:time_since_rest":6709,"minecraft:damage_taken":2369,"minecraft:damage_dealt":16956,"minecraft:swim_one_cm":29811,"minecraft:fly_one_cm":1223359,"minecraft:open_chest":24,"minecraft:crouch_one_cm":70938,"minecraft:interact_with_smoker":49,"minecraft:fall_one_cm":126952},"minecraft:killed":{"minecraft:skeleton":2,"minecraft:chicken":12,"minecraft:turtle":6,"minecraft:pig":23,"minecraft:iron_golem":1,"minecraft:wandering_trader":1,"minecraft:creeper":3,"minecraft:sheep":35,"minecraft:trader_llama":2,"minecraft:pillager":7,"minecraft:zombie":7,"minecraft:cow":27},"minecraft:dropped":{"minecraft:oak_log":64,"minecraft:mossy_cobblestone":100,"minecraft:crafting_table":2,"minecraft:crossbow":1,"minecraft:golden_axe":1,"minecraft:cobblestone":5,"minecraft:granite":2,"minecraft:coal":64,"minecraft:stick":5,"minecraft:dirt":25,"minecraft:torch":1,"minecraft:wooden_axe":1,"minecraft:seagrass":3,"minecraft:fire_charge":2,"minecraft:sand":64,"minecraft:spruce_sapling":5,"minecraft:smooth_basalt":2,"minecraft:bone":2,"minecraft:oak_door":1,"minecraft:furnace":1,"minecraft:stone_axe":1,"minecraft:kelp":8,"minecraft:sweet_berries":45,"minecraft:sugar_cane":5,"minecraft:iron_nugget":15,"minecraft:stone_shovel":4,"minecraft:rotten_flesh":2,"minecraft:light_gray_wool":1,"minecraft:oak_planks":46,"minecraft:poppy":2,"minecraft:gunpowder":1,"minecraft:spruce_planks":12,"minecraft:andesite":2,"minecraft:oak_boat":3,"minecraft:oak_sapling":4,"minecraft:spruce_log":27,"minecraft:bow":1,"minecraft:arrow":2,"minecraft:beef":5,"minecraft:stone_pickaxe":3,"minecraft:black_wool":1}},"DataVersion":3839}