{"stats":{"minecraft:killed_by":{"minecraft:zombie":1},"minecraft:crafted":{"minecraft:oak_planks":16},"minecraft:picked_up":{"minecraft:stick":3,"minecraft:crafting_table":1,"minecraft:arrow":2,"minecraft:bone":2,"minecraft:bow":1,"minecraft:fire_charge":2,"minecraft:golden_axe":1,"minecraft:oak_log":4,"minecraft:iron_nugget":15,"minecraft:oak_sapling":1,"minecraft:wooden_axe":1},"minecraft:dropped":{"minecraft:fire_charge":2,"minecraft:golden_axe":1,"minecraft:bow":1,"minecraft:arrow":2,"minecraft:iron_nugget":15,"minecraft:wooden_axe":1,"minecraft:crafting_table":1,"minecraft:oak_sapling":1,"minecraft:bone":2,"minecraft:stick":3},"minecraft:mined":{"minecraft:oak_log":4,"minecraft:birch_leaves":2,"minecraft:oak_leaves":11},"minecraft:custom":{"minecraft:time_since_rest":2375,"minecraft:damage_taken":500,"minecraft:crouch_one_cm":1311,"minecraft:play_time":32886,"minecraft:walk_one_cm":16806,"minecraft:sprint_one_cm":19925,"minecraft:deaths":2,"minecraft:sneak_time":724,"minecraft:mob_kills":1,"minecraft:drop":10,"minecraft:jump":194,"minecraft:damage_dealt":436,"minecraft:leave_game":2,"minecraft:time_since_death":2349,"minecraft:total_world_time":32886,"minecraft:fly_one_cm":36403,"minecraft:fall_one_cm":8204,"minecraft:open_chest":3},"minecraft:killed":{"minecraft:zombie":1}},"DataVersion":3839}