{"stats":{"minecraft:broken":{"minecraft:stone_pickaxe":2},"minecraft:dropped":{"minecraft:granite":1,"minecraft:fletching_table":1,"minecraft:spruce_stairs":2,"minecraft:grass_block":1,"minecraft:stick":1,"minecraft:dirt":6,"minecraft:blue_carpet":1,"minecraft:gravel":2,"minecraft:stone_axe":1,"minecraft:rotten_flesh":3,"minecraft:spruce_fence":1,"minecraft:potato":1,"minecraft:oak_sapling":1},"minecraft:used":{"minecraft:flint_and_steel":1,"minecraft:chest":2,"minecraft:shield":4,"minecraft:stone":14,"minecraft:player_head":1,"minecraft:spruce_leaves":7,"minecraft:torch":55,"minecraft:dirt":23,"minecraft:spruce_stairs":2,"minecraft:raw_iron_block":2,"minecraft:granite":1,"minecraft:snowball":1,"minecraft:milk_bucket":1,"minecraft:spruce_boat":26,"minecraft:wooden_axe":20,"minecraft:iron_axe":80,"minecraft:grass_block":50,"minecraft:wet_sponge":11,"minecraft:light_gray_wool":1,"minecraft:snow":22,"minecraft:furnace":2,"minecraft:oak_sapling":4,"minecraft:cooked_beef":2,"minecraft:potato":18,"minecraft:pumpkin":3,"minecraft:calcite":1,"minecraft:golden_boots":1,"minecraft:cooked_mutton":3,"minecraft:cow_spawn_egg":2,"minecraft:spruce_door":49,"minecraft:stone_pickaxe":262,"minecraft:baked_potato":31,"minecraft:wooden_pickaxe":15,"minecraft:fletching_table":2,"minecraft:cracked_stone_bricks":1,"minecraft:crafting_table":14,"minecraft:white_bed":3,"minecraft:dripstone_block":2,"minecraft:smoker":4,"minecraft:spruce_log":8,"minecraft:oak_log":2,"minecraft:iron_pickaxe":343,"minecraft:stone_axe":163,"minecraft:cobblestone":114},"minecraft:custom":{"minecraft:interact_with_smithing_table":1,"minecraft:mob_kills":44,"minecraft:interact_with_crafting_table":28,"minecraft:leave_game":26,"minecraft:time_since_death":59144,"minecraft:sprint_one_cm":163047,"minecraft:walk_one_cm":466239,"minecraft:damage_blocked_by_shield":187,"minecraft:drop":15,"minecraft:talked_to_villager":2,"minecraft:play_time":407734,"minecraft:deaths":5,"minecraft:sneak_time":11780,"minecraft:walk_under_water_one_cm":206149,"minecraft:boat_one_cm":274480,"minecraft:jump":2467,"minecraft:walk_on_water_one_cm":43392,"minecraft:total_world_time":407734,"minecraft:interact_with_furnace":6,"minecraft:sleep_in_bed":7,"minecraft:time_since_rest":31014,"minecraft:damage_taken":4063,"minecraft:damage_dealt":11635,"minecraft:swim_one_cm":241986,"minecraft:fly_one_cm":514787,"minecraft:open_chest":17,"minecraft:crouch_one_cm":12936,"minecraft:interact_with_smoker":18,"minecraft:fall_one_cm":58449},"minecraft:mined":{"minecraft:large_amethyst_bud":1,"minecraft:white_bed":3,"minecraft:granite":1,"minecraft:budding_amethyst":2,"minecraft:grass_block":12,"minecraft:spruce_fence":1,"minecraft:spruce_leaves":9,"minecraft:magma_block":1,"minecraft:raw_iron_block":2,"minecraft:furnace":2,"minecraft:iron_ore":33,"minecraft:fire":1,"minecraft:andesite":1,"minecraft:pumpkin":39,"minecraft:fletching_table":2,"minecraft:pointed_dripstone":3,"minecraft:potatoes":18,"minecraft:dirt_path":5,"minecraft:small_amethyst_bud":1,"minecraft:packed_ice":1,"minecraft:wet_sponge":42,"minecraft:stone":199,"minecraft:player_head":1,"minecraft:brown_mushroom":3,"minecraft:kelp_plant":1,"minecraft:medium_amethyst_bud":1,"minecraft:smoker":4,"minecraft:spruce_door":29,"minecraft:crafting_table":11,"minecraft:torch":2,"minecraft:short_grass":6,"minecraft:calcite":3,"minecraft:cobblestone":23,"minecraft:lapis_ore":6,"minecraft:sugar_cane":4,"minecraft:wall_torch":8,"minecraft:amethyst_block":6,"minecraft:spruce_stairs":2,"minecraft:ice":1,"minecraft:spruce_log":24,"minecraft:light_gray_wool":1,"minecraft:coal_ore":311,"minecraft:oak_log":5,"minecraft:gravel":2,"minecraft:dripstone_block":2,"minecraft:dirt":43,"minecraft:smooth_basalt":2,"minecraft:cracked_stone_bricks":1,"minecraft:mossy_stone_bricks":2,"minecraft:oak_leaves":2,"minecraft:suspicious_gravel":1},"minecraft:picked_up":{"minecraft:wooden_axe":1,"minecraft:crafting_table":9,"minecraft:brown_mushroom":1,"minecraft:wooden_pickaxe":1,"minecraft:spruce_planks":35,"minecraft:beef":2,"minecraft:player_head":1,"minecraft:light_gray_wool":1,"minecraft:sugar_cane":12,"minecraft:raw_iron":37,"minecraft:stick":10,"minecraft:torch":144,"minecraft:spruce_stairs":2,"minecraft:spruce_fence":1,"minecraft:porkchop":2,"minecraft:pointed_dripstone":6,"minecraft:redstone":7,"minecraft:blue_carpet":1,"minecraft:rotten_flesh":2,"minecraft:mutton":3,"minecraft:cobblestone":152,"minecraft:snowball":26,"minecraft:white_wool":2,"minecraft:andesite":1,"minecraft:smoker":5,"minecraft:potato":51,"minecraft:oak_log":40,"minecraft:gunpowder":3,"minecraft:dirt":97,"minecraft:bone":2,"minecraft:apple":1,"minecraft:wheat_seeds":1,"minecraft:stone_pickaxe":1,"minecraft:fletching_table":3,"minecraft:pumpkin":37,"minecraft:raw_iron_block":2,"minecraft:dripstone_block":2,"minecraft:ink_sac":2,"minecraft:spruce_log":24,"minecraft:white_bed":4,"minecraft:grass_block":1,"minecraft:stone_axe":2,"minecraft:spruce_boat":27,"minecraft:granite":1,"minecraft:oak_sapling":5,"minecraft:coal":155,"minecraft:oak_leaves":150},"minecraft:killed":{"minecraft:witch":1,"minecraft:skeleton":3,"minecraft:guardian":10,"minecraft:pig":4,"minecraft:salmon":1,"minecraft:rabbit":1,"minecraft:iron_golem":1,"minecraft:bat":1,"minecraft:creeper":4,"minecraft:polar_bear":4,"minecraft:sheep":3,"minecraft:zombie":6,"minecraft:stray":1,"minecraft:enderman":1,"minecraft:cow":3},"minecraft:crafted":{"minecraft:oak_planks":216,"minecraft:raw_iron":27,"minecraft:furnace":6,"minecraft:cooked_mutton":3,"minecraft:iron_axe":1,"minecraft:stone_pickaxe":2,"minecraft:chest":2,"minecraft:spruce_boat":1,"minecraft:smoker":1,"minecraft:cooked_beef":2,"minecraft:crafting_table":4,"minecraft:spruce_planks":148,"minecraft:wooden_pickaxe":1,"minecraft:baked_potato":31,"minecraft:spruce_door":30,"minecraft:stone_axe":3,"minecraft:air":0,"minecraft:spruce_trapdoor":2,"minecraft:shield":1,"minecraft:stick":60,"minecraft:iron_ingot":3,"minecraft:iron_pickaxe":1,"minecraft:wooden_axe":2,"minecraft:torch":156},"minecraft:killed_by":{"minecraft:stray":1,"minecraft:guardian":2}},"DataVersion":3955}